UTC_Timestamp,Temperature,Humidity,Pressure_Uncorrected
2025-02-03 20:00,84.74,53,1019.7
2025-02-03 20:30,86.36,50,1018
2025-02-03 21:00,86,54,1017.9
2025-02-03 21:30,85.28,53,1018
2025-02-03 22:00,83.3,62,1018.3
2025-02-03 22:30,80.96,65,1018.5
2025-02-03 23:00,79.16,68,1018.8
2025-02-03 23:30,77,72,1019
2025-02-04 00:00,75.02,74,1019.3
2025-02-04 00:30,72.68,77,1019.7
2025-02-04 01:00,71.6,82,1019.7
2025-02-04 01:30,70.7,84,1020.2
2025-02-04 02:30,69.26,86,1020.3
2025-02-04 03:00,68.72,88,1020.3
2025-02-04 03:30,68.18,88,1020.4
2025-02-04 04:00,68,88,1020.4
2025-02-04 04:30,67.46,89,1020.6
2025-02-04 05:00,67.64,89,1020.5
2025-02-04 05:30,67.64,89,1020.2
2025-02-04 06:00,66.92,90,1020.1
2025-02-04 06:30,66.56,91,1020.1
2025-02-04 07:00,66.74,90,1020
2025-02-04 07:30,66.92,90,1019.9
2025-02-04 08:30,66.2,92,1019.6
2025-02-04 09:00,65.66,93,1019.7
2025-02-04 09:30,65.12,93,1019.8
2025-02-04 10:00,64.58,94,1019.8
2025-02-04 10:30,64.04,94,1019.9
2025-02-04 11:00,63.5,95,1020
2025-02-04 11:30,63.5,95,1020.1
2025-02-04 12:00,63.32,95,1020.3
2025-02-04 12:30,62.96,95,1020.5
2025-02-04 13:00,62.96,95,1020.9
2025-02-04 13:30,63.5,96,1021.1
2025-02-04 14:00,66.92,82,1021.3
2025-02-04 14:30,68.72,82,1021.6
2025-02-04 15:00,70.88,77,1021.8
2025-02-04 15:30,73.58,71,1021.7
2025-02-04 16:00,78.26,64,1021.5
2025-02-04 16:30,78.98,61,1021.2
2025-02-04 17:00,79.7,62,1020.8
2025-02-04 17:30,80.78,60,1020.4
2025-02-04 18:00,81.86,57,1019.9
2025-02-04 18:30,82.58,55,1019.5
2025-02-04 19:00,82.04,57,1019.2
2025-02-04 19:30,81.32,57,1019.1
2025-02-04 20:30,79.7,61,1018.8
2025-02-04 21:00,78.62,64,1018.9
2025-02-04 21:30,78.26,64,1019.1
2025-02-04 22:00,77.36,65,1019
2025-02-04 22:30,76.28,67,1019.2
2025-02-04 23:00,74.12,71,1019.5
2025-02-04 23:30,71.42,75,1019.6
2025-02-05 00:00,70.16,77,1019.9
2025-02-05 00:30,68.9,80,1020.3
2025-02-05 01:00,67.46,81,1020.5
2025-02-05 01:30,66.56,83,1020.5
2025-02-05 02:30,64.94,83,1020.7
2025-02-05 03:00,64.22,85,1020.8
2025-02-05 03:30,63.86,86,1020.9
2025-02-05 04:00,63.68,86,1021
2025-02-05 04:30,63.32,86,1020.9
2025-02-05 05:00,63.68,86,1020.8
2025-02-05 05:30,62.78,86,1020.9
2025-02-05 06:00,62.78,86,1020.6
2025-02-05 06:30,62.42,86,1020.4
2025-02-05 07:00,62.6,86,1020.3
2025-02-05 07:30,62.78,86,1020.1
2025-02-05 08:30,62.42,88,1019.6
2025-02-05 09:00,62.24,89,1019.8
2025-02-05 09:30,61.88,90,1019.8
2025-02-05 10:00,62.06,90,1019.8
2025-02-05 10:30,62.06,90,1019.9
2025-02-05 11:00,61.7,90,1020.1
2025-02-05 11:30,61.34,91,1020.2
2025-02-05 12:00,61.52,90,1020.7
2025-02-05 12:30,61.52,90,1020.8
2025-02-05 13:00,62.6,88,1021.1
2025-02-05 13:30,63.5,85,1021.4
2025-02-05 14:30,65.84,81,1021.9
2025-02-05 15:00,67.82,77,1022
2025-02-05 15:30,70.7,73,1021.9
2025-02-05 16:00,73.58,71,1021.6
2025-02-05 16:30,78.08,64,1021.2
2025-02-05 17:00,81.14,58,1020.6
2025-02-05 17:30,82.94,54,1020.2
2025-02-05 18:00,83.84,51,1019.6
2025-02-05 18:30,85.1,49,1019
2025-02-05 19:00,83.66,50,1018.5
2025-02-05 19:30,82.04,53,1018
2025-02-05 20:30,82.58,53,1017.7
2025-02-05 21:00,82.4,52,1017.7
2025-02-05 21:30,81.14,53,1018
2025-02-05 22:00,80.42,52,1018
2025-02-05 22:30,80.06,51,1018.2
2025-02-05 23:00,78.08,55,1018.5
2025-02-05 23:30,73.4,69,1018.5
2025-02-06 00:00,71.78,74,1018.6
2025-02-06 00:30,69.44,79,1018.9
2025-02-06 01:00,69.08,81,1019.1
2025-02-06 01:30,69.08,81,1019.3
2025-02-06 02:30,67.46,84,1019.7
2025-02-06 03:00,66.2,86,1019.7
2025-02-06 03:30,65.66,87,1019.7
2025-02-06 04:00,65.3,88,1019.8
2025-02-06 04:30,64.94,89,1019.8
2025-02-06 05:00,64.22,89,1019.8
2025-02-06 05:30,62.78,91,1019.9
2025-02-06 06:00,61.52,93,1019.6
2025-02-06 06:30,62.06,92,1019.5
2025-02-06 07:00,62.42,92,1019.3
2025-02-06 07:30,62.42,91,1019.1
2025-02-06 08:30,60.62,94,1018.8
2025-02-06 09:00,60.26,92,1019
2025-02-06 09:30,60.8,92,1018.9
2025-02-06 10:00,60.44,92,1019
2025-02-06 10:30,60.8,94,1019.1
2025-02-06 11:00,60.44,94,1019.2
2025-02-06 11:30,60.62,94,1019.4
2025-02-06 12:00,60.44,95,1020
2025-02-06 12:30,59.9,95,1020.5
2025-02-06 13:00,61.88,91,1020.9
2025-02-06 13:30,66.56,84,1021.1
2025-02-06 14:30,72.68,75,1021.9
2025-02-06 15:00,76.28,70,1022.2
2025-02-06 15:30,78.44,64,1022.3
2025-02-06 16:00,79.52,60,1022.3
2025-02-06 16:30,80.42,59,1022.2
2025-02-06 17:00,80.96,56,1021.7
2025-02-06 17:30,82.4,50,1021
2025-02-06 18:00,80.42,58,1020.4
2025-02-06 18:30,80.96,55,1019.8
2025-02-06 19:00,82.76,53,1019.3
2025-02-06 19:30,81.5,52,1019
2025-02-06 20:30,80.06,57,1018.4
2025-02-06 21:00,80.6,57,1018.3
2025-02-06 21:30,80.42,57,1018.3
2025-02-06 22:00,80.42,58,1018.3
2025-02-06 22:30,78.44,62,1018.4
2025-02-06 23:00,76.82,65,1018.7
2025-02-06 23:30,72.86,74,1018.8
2025-02-07 00:00,70.88,78,1019
2025-02-07 00:30,69.08,82,1019.2
2025-02-07 01:00,68,85,1019.6
2025-02-07 01:30,67.64,86,1019.9
2025-02-07 02:30,65.84,91,1020.3
2025-02-07 03:00,66.2,91,1020.3
2025-02-07 03:30,65.48,90,1020.4
2025-02-07 04:00,64.76,90,1020.3
2025-02-07 04:30,64.4,90,1020.1
2025-02-07 05:00,63.5,93,1020
2025-02-07 05:30,63.5,94,1019.8
2025-02-07 06:00,62.6,94,1019.8
2025-02-07 06:30,62.24,95,1019.9
2025-02-07 07:00,62.06,96,1019.7
2025-02-07 07:30,61.7,96,1019.6
2025-02-07 08:30,59,96,1019.2
2025-02-07 09:00,58.82,96,1019.2
2025-02-07 09:30,59.54,96,1019.3
2025-02-07 10:00,59.18,97,1019.1
2025-02-07 10:30,58.82,96,1019.5
2025-02-07 11:00,58.28,97,1019.9
2025-02-07 11:30,58.64,97,1020.4
2025-02-07 12:00,59.54,97,1020.9
2025-02-07 12:30,59.72,97,1021.4
2025-02-07 13:00,60.44,97,1021.8
2025-02-07 13:30,61.52,97,1022.2
2025-02-07 14:30,63.5,97,1022.5
2025-02-07 15:00,65.12,97,1022.7
2025-02-07 15:30,66.92,91,1022.7
2025-02-07 16:00,68.72,84,1022.5
2025-02-07 16:30,71.78,76,1022.1
2025-02-07 17:00,73.4,71,1021.8
2025-02-07 17:30,75.38,64,1021.2
2025-02-07 18:00,76.64,63,1020.7
2025-02-07 18:30,77.9,62,1019.9
2025-02-07 19:00,79.88,58,1019.5
2025-02-07 19:30,80.24,56,1019.1
2025-02-07 20:30,78.98,58,1019
2025-02-07 21:00,80.24,56,1018.9
2025-02-07 21:30,79.88,55,1019
2025-02-07 22:00,79.34,56,1019.1
2025-02-07 22:30,77.9,57,1019.4
2025-02-07 23:00,75.92,61,1019.5
2025-02-07 23:30,72.68,67,1019.8
2025-02-08 00:00,70.16,70,1019.8
2025-02-08 00:30,68.9,67,1020
2025-02-08 01:00,68.18,69,1020.1
2025-02-08 01:30,66.38,77,1020.3
2025-02-08 02:30,65.3,85,1020.6
2025-02-08 03:00,64.76,89,1020.7
2025-02-08 03:30,65.12,89,1020.6
2025-02-08 04:00,66.02,88,1020.6
2025-02-08 04:30,65.48,89,1020.6
2025-02-08 05:00,65.12,89,1020.4
2025-02-08 05:30,64.76,91,1020.3
2025-02-08 06:00,63.68,91,1020.1
2025-02-08 06:30,62.96,91,1020.1
2025-02-08 07:00,62.6,91,1019.9
2025-02-08 07:30,62.24,91,1019.7
2025-02-08 08:30,61.16,93,1019.3
2025-02-08 09:00,60.62,92,1019.4
2025-02-08 09:30,60.44,93,1019.5
2025-02-08 10:00,60.44,93,1019.5
2025-02-08 10:30,60.26,94,1019.8
2025-02-08 11:00,60.08,94,1020
2025-02-08 11:30,60.08,94,1020.3
2025-02-08 12:00,59.36,94,1020.6
2025-02-08 12:30,59.54,94,1020.7
2025-02-08 13:00,60.98,92,1021
2025-02-08 13:30,63.32,89,1021.3
2025-02-08 14:00,65.84,87,1021.5
2025-02-08 14:30,68.54,83,1021.6
2025-02-08 15:00,73.22,76,1021.6
2025-02-08 15:30,77.18,69,1021.7
2025-02-08 16:00,80.96,56,1021.4
2025-02-08 16:30,81.5,56,1021.1
2025-02-08 17:00,82.22,52,1020.6
2025-02-08 17:30,83.3,50,1020.1
2025-02-08 18:00,81.68,52,1019.7
2025-02-08 18:30,83.84,49,1019.1
2025-02-08 19:00,82.76,50,1018.6
2025-02-08 19:30,83.66,46,1018.4
2025-02-08 20:00,86.54,45,1018.3
2025-02-08 20:30,87.44,42,1018.1
2025-02-08 21:00,81.32,57,1018.1
2025-02-08 21:30,80.42,58,1018.1
2025-02-08 22:00,79.34,59,1018.3
2025-02-08 22:30,77.18,61,1018.8
2025-02-08 23:00,76.64,61,1019.4
2025-02-08 23:30,78.98,56,1019.8
2025-02-09 00:00,78.08,58,1019.9
2025-02-09 00:30,77.72,58,1019.9
2025-02-16 14:00,68.18,76,1007.7
2025-02-16 14:30,68.54,78,1007.5
2025-02-16 15:00,69.26,81,1007.7
2025-02-16 15:30,70.52,82,1007.8
2025-02-16 16:00,71.96,81,1007.5
2025-02-16 16:30,72.86,79,1007.4
2025-02-24 10:30,57.92,70,1012.2
2025-02-24 11:00,57.74,71,1011.9
2025-02-24 11:30,57.56,71,1012.4
2025-02-24 12:00,57.38,72,1012.4
2025-02-24 12:30,57.2,72,1012.7
2025-02-24 13:00,57.2,73,1013.1
2025-02-24 13:30,57.02,73,1013.5
2025-02-24 14:00,56.84,73,1013.8
2025-02-24 14:30,56.84,74,1013.7
2025-02-24 15:00,56.84,73,1013.3
2025-02-24 15:30,56.84,75,1012.9
2025-02-24 16:00,57.02,77,1013.2
2025-02-24 16:30,57.38,77,1013.4
2025-02-24 17:00,57.56,77,1013
2025-02-26 12:00,57.02,71,1011.3
2025-02-26 12:30,56.66,72,1011.6
2025-02-26 13:00,56.12,72,1011.9
2025-02-26 13:30,55.76,73,1012.4
2025-02-26 14:00,55.58,74,1012.8
2025-02-26 14:30,55.76,75,1013.1
2025-02-26 15:00,56.3,75,1013.2
2025-02-26 15:30,57.2,76,1013.1
2025-02-26 16:00,58.46,75,1013.1
2025-02-26 16:30,60.08,75,1013
2025-02-26 17:00,61.88,65,1012.8
2025-02-26 17:30,64.22,54,1012.5
2025-02-26 18:00,66.74,49,1012
2025-02-26 18:30,69.26,45,1011.7
2025-02-26 19:00,70.88,42,1011.2
2025-02-26 19:30,73.04,41,1010.8
2025-02-26 20:30,74.84,41,1010.7
2025-02-26 21:00,75.92,38,1010.6
2025-02-26 21:30,77,31,1010.5
2025-02-26 22:00,77.72,29,1010.5
2025-02-26 22:30,78.08,30,1010.5
2025-02-26 23:00,78.62,40,1010.8
2025-02-26 23:30,80.06,41,1011.1
2025-02-27 00:00,79.34,37,1011.5
2025-02-27 00:30,78.8,43,1012
2025-02-27 01:00,77.9,42,1012.3
2025-02-27 01:30,77,41,1012.6
2025-02-27 02:30,74.66,44,1013.2
2025-02-27 03:00,73.22,46,1013.4
2025-02-27 03:30,71.6,47,1013.4
2025-02-27 04:00,70.16,49,1013.5
2025-02-27 04:30,68.72,50,1013.4
2025-02-27 05:00,67.28,52,1013.5
2025-02-27 05:30,65.66,53,1013.5
2025-02-27 06:00,64.4,55,1013.3
2025-02-27 06:30,63.14,56,1013.4
2025-02-27 07:00,61.7,58,1013.3
2025-02-27 07:30,61.16,59,1013.1
2025-02-27 08:30,59.9,60,1012.7
2025-02-27 09:00,59.36,61,1012.3
2025-02-27 09:30,58.64,61,1012.4
2025-02-27 10:00,57.92,62,1012.6
2025-02-27 10:30,57.38,63,1012.8
2025-02-27 11:00,56.48,63,1013
2025-02-27 11:30,55.94,63,1013.4
2025-02-27 12:00,55.58,64,1013.6
2025-02-27 12:30,55.04,65,1014
2025-02-27 13:00,54.68,65,1014.2
2025-02-27 13:30,54.5,65,1014.4
2025-02-27 14:00,54.68,66,1014.6
2025-02-27 14:30,54.86,67,1014.5
2025-02-27 15:00,57.38,72,1014.5
2025-02-27 15:30,59.54,68,1014.4
2025-02-27 16:00,62.06,62,1014.3
2025-02-27 16:30,64.4,60,1013.9
2025-02-27 17:00,66.74,57,1013.4
2025-02-27 17:30,68.9,55,1012.8
2025-02-27 18:00,70.88,52,1012.3
2025-02-27 18:30,72.86,51,1011.8
2025-02-27 19:00,74.66,48,1011.4
2025-02-27 19:30,76.46,47,1011
2025-02-27 20:00,77.9,45,1010.4
2025-02-27 20:30,79.16,44,1009.9
2025-02-27 21:00,80.06,43,1009.7
2025-02-27 21:30,80.78,43,1009.4
2025-02-27 22:00,81.32,42,1009.5
2025-02-27 22:30,81.32,41,1009.9
2025-02-27 23:00,81.14,43,1010.1
2025-02-27 23:30,80.42,45,1010.4
2025-02-28 00:00,79.34,47,1010.7
2025-02-28 00:30,77.72,48,1010.6
2025-02-28 01:00,76.1,50,1010.9
2025-02-28 01:30,74.66,52,1011.3
2025-02-28 02:30,72.14,55,1011.8
2025-02-28 03:00,70.88,58,1011.9
2025-02-28 03:30,69.8,60,1011.8
2025-02-28 04:00,68.72,62,1011.6
2025-02-28 04:30,67.64,64,1011.8
2025-02-28 05:00,66.74,65,1011.8
2025-02-28 05:30,65.84,67,1011.7
2025-02-28 06:00,65.12,68,1011.5
2025-02-28 06:30,64.58,70,1011.3
2025-02-28 07:00,64.04,71,1011.4
2025-02-28 07:30,63.32,73,1011.5
2025-02-28 08:30,62.42,74,1011.4
2025-02-28 09:00,62.06,74,1011.5
2025-02-28 09:30,61.52,74,1011.6
2025-02-28 10:00,60.98,73,1011.9
2025-02-28 10:30,60.44,73,1012.2
2025-02-28 11:00,59.9,73,1012.5
2025-02-28 11:30,59.18,73,1012.8
2025-02-28 12:00,58.46,72,1013
2025-02-28 12:30,57.74,72,1013.2
2025-02-28 13:00,56.84,72,1013.4
2025-02-28 13:30,56.3,75,1013.7
2025-02-28 14:30,58.28,57,1014
2025-02-28 15:00,60.62,49,1014
2025-02-28 15:30,62.6,37,1013.9
2025-02-28 16:00,64.58,33,1013.8
2025-02-28 16:30,66.38,31,1013.5
2025-02-28 17:00,68.54,30,1013.2
2025-02-28 17:30,70.16,29,1012.8
2025-02-28 18:00,71.78,27,1012.3
2025-02-28 18:30,73.22,27,1011.6
2025-02-28 19:00,74.48,27,1011.2
2025-02-28 19:30,75.56,24,1010.7
2025-02-28 20:30,77.36,23,1010.1
2025-02-28 21:00,78.26,21,1009.7
2025-02-28 21:30,78.8,22,1009.6
2025-02-28 22:00,79.16,23,1009.7
2025-02-28 22:30,78.98,23,1009.7
2025-02-28 23:00,78.44,25,1009.8
2025-02-28 23:30,77.72,29,1009.9
2025-03-01 00:00,75.74,35,1010
2025-03-01 00:30,73.04,35,1010.3
2025-03-01 01:00,70.52,37,1010.8
2025-03-01 01:30,68.18,40,1011
2025-03-01 02:30,65.48,43,1011.4
2025-03-01 03:00,65.48,42,1011.5
2025-03-01 03:30,64.94,42,1011.5
2025-03-01 04:00,64.22,42,1011.3
2025-03-01 04:30,63.32,43,1011.1
2025-03-01 05:00,61.7,45,1010.7
2025-03-01 05:30,61.16,47,1010.8
2025-03-01 06:00,60.26,49,1010.6
2025-03-01 06:30,59.36,50,1010.5
2025-03-01 07:00,58.46,51,1010.3
2025-03-01 07:30,57.38,52,1010.1
2025-03-01 08:30,55.76,54,1009.9
2025-03-01 09:00,54.86,55,1010
2025-03-01 09:30,54.14,56,1010.3
2025-03-01 10:00,53.42,56,1010.6
2025-03-01 10:30,52.88,56,1010.7
2025-03-01 11:00,52.52,57,1010.5
2025-03-01 11:30,52.16,58,1010.6
2025-03-01 12:00,51.8,58,1010.6
2025-03-01 12:30,51.44,59,1010.6
2025-03-01 13:00,50.72,59,1011
2025-03-01 13:30,50.54,59,1011.6
2025-03-01 14:30,51.8,66,1012
2025-03-01 15:00,53.6,73,1012
2025-03-01 15:30,57.02,66,1012
2025-03-01 16:00,61.34,56,1011.9
2025-03-01 16:30,64.4,51,1011.5
2025-03-01 17:00,66.92,46,1011.1
2025-03-01 17:30,69.44,39,1010.2
2025-03-01 18:00,71.6,37,1009.5
2025-03-01 18:30,73.04,37,1009
2025-03-01 19:00,74.12,35,1008.5
2025-03-01 19:30,75.2,33,1007.9
2025-03-01 20:30,77.54,31,1006.6
2025-03-01 21:00,77.9,31,1006.5
2025-03-01 21:30,78.62,30,1006.3
2025-03-01 22:00,78.62,33,1006.3
2025-03-01 22:30,78.26,34,1006.3
2025-03-01 23:00,77.72,33,1006.8
2025-03-01 23:30,77,36,1007.1
2025-03-02 00:00,75.56,41,1007.5
2025-03-02 00:30,74.12,41,1008.2
2025-03-02 01:00,73.04,45,1008.7
2025-03-02 01:30,71.96,50,1009.1
2025-03-02 02:30,69.26,57,1009.2
2025-03-02 03:00,68.18,59,1009.1
2025-03-02 03:30,67.1,61,1009.2
2025-03-02 04:00,66.2,63,1009.2
2025-03-02 04:30,65.3,66,1009.3
2025-03-02 05:00,64.4,69,1009.2
2025-03-02 05:30,64.04,70,1009.2
2025-03-02 06:00,63.5,71,1009.3
2025-03-02 06:30,63.14,73,1009.6
2025-03-02 07:00,62.96,76,1009.4
2025-03-02 07:30,62.96,77,1009.5
2025-03-02 08:30,62.78,76,1009.4
2025-03-02 09:00,62.42,75,1009.6
2025-03-02 09:30,62.06,75,1009.9
2025-03-02 10:00,61.52,74,1010.2
2025-03-02 10:30,60.8,74,1010.6
2025-03-02 11:00,59.72,74,1011
2025-03-02 11:30,59.36,73,1011.4
2025-03-02 12:00,58.64,72,1011.7
2025-03-02 12:30,57.92,72,1012.2
2025-03-02 13:00,57.2,72,1012.4
2025-03-02 13:30,56.66,72,1013
2025-03-02 14:30,56.66,71,1013.5
2025-03-02 15:00,57.2,69,1013.6
2025-03-02 15:30,58.28,67,1013.5
2025-03-02 16:00,59.72,66,1013.5
2025-03-02 16:30,61.52,63,1013.6
2025-03-02 17:00,63.32,60,1013.4
2025-03-02 17:30,65.12,56,1013.3
2025-03-02 18:00,67.82,53,1013
2025-03-02 18:30,68.9,50,1012.8
2025-03-02 19:00,70.34,45,1012.5
2025-03-02 19:30,71.96,45,1011.7
2025-03-02 20:30,74.84,43,1011.6
2025-03-02 21:00,75.92,42,1011.9
2025-03-02 21:30,76.82,41,1011.9
2025-03-02 22:00,77.36,40,1012
2025-03-02 22:30,77.54,39,1012
2025-03-02 23:00,77.36,40,1012.6
2025-03-02 23:30,76.28,41,1013.1
2025-03-03 00:00,74.3,42,1013.3
2025-03-03 00:30,71.6,44,1013.9
2025-03-03 01:00,67.82,46,1014.3
2025-03-03 01:30,66.2,49,1014.9
2025-03-03 02:30,62.6,53,1015.6
2025-03-03 03:00,61.16,54,1015.6
2025-03-03 03:30,59.9,55,1015.7
2025-03-03 04:00,58.64,56,1015.6
2025-03-03 04:30,57.74,56,1015.6
2025-03-03 05:00,56.48,57,1015.2
2025-03-03 05:30,55.4,58,1015.4
2025-03-03 06:00,54.32,59,1015.3
2025-03-03 06:30,53.42,60,1015.5
2025-03-03 07:00,52.34,60,1015.3
2025-03-03 07:30,51.08,60,1015.6
2025-03-03 08:30,49.64,61,1015.3
2025-03-03 09:00,48.92,61,1015.5
2025-03-03 09:30,47.84,62,1015.4
2025-03-03 10:00,47.12,62,1015.4
2025-03-03 10:30,46.4,62,1015.5
2025-03-03 11:00,45.5,63,1015.9
2025-03-03 11:30,44.96,63,1015.9
2025-03-03 12:00,44.42,63,1016
2025-03-03 12:30,43.88,64,1016.2
2025-03-03 13:00,43.34,64,1016.5
2025-03-03 13:30,43.16,65,1017.1
2025-03-03 14:00,43.7,66,1017.3
2025-03-03 14:30,44.96,67,1017.4
2025-03-03 15:00,46.94,66,1017.5
2025-03-03 15:30,49.46,64,1017.6
2025-03-03 16:00,52.34,63,1017.6
2025-03-03 16:30,55.22,61,1017.6
2025-03-03 17:00,58.28,59,1017.4
2025-03-03 17:30,60.98,57,1016.9
2025-03-03 18:00,63.5,56,1015.7
2025-03-03 18:30,66.2,56,1015.5
2025-03-03 19:00,68.54,51,1015.4
2025-03-03 19:30,70.34,50,1015.4
2025-03-03 20:00,71.6,49,1015.2
2025-03-03 20:30,72.5,47,1015.2
2025-03-03 21:00,73.22,47,1014.9
2025-03-03 21:30,73.76,47,1015.2
2025-03-03 22:00,72.5,50,1015.3
2025-03-03 22:30,71.6,51,1015.6
2025-03-03 23:00,71.42,51,1015.5
2025-03-03 23:30,71.06,52,1015.9
2025-03-04 00:00,70.34,53,1015.8
2025-03-04 00:30,69.62,54,1016.2
2025-03-04 01:00,68.54,55,1016.4
2025-03-04 01:30,67.82,55,1016.8
2025-03-04 02:30,66.02,57,1016.9
2025-03-04 03:00,65.12,57,1017
2025-03-04 03:30,64.4,58,1016.9
2025-03-04 04:00,63.5,59,1017
2025-03-04 04:30,62.78,60,1016.6
2025-03-04 05:00,62.06,60,1016.2
2025-03-04 05:30,60.98,61,1016.1
2025-03-04 06:00,60.8,62,1015.7
2025-03-04 06:30,60.26,62,1015.5
2025-03-04 07:00,59.9,63,1015.4
2025-03-04 07:30,59.36,64,1015.1
2025-03-04 08:30,58.46,64,1014.2
2025-03-04 09:00,57.92,65,1014.5
2025-03-04 09:30,57.38,65,1014.3
2025-03-04 10:00,57.02,66,1014.2
2025-03-04 10:30,56.48,66,1014.5
2025-03-04 11:00,56.12,67,1014.9
2025-03-04 11:30,55.94,67,1014.7
2025-03-04 12:00,55.76,67,1015
2025-03-04 12:30,55.4,66,1015.5
2025-03-04 13:00,55.76,83,1015.5
2025-03-04 13:30,56.66,82,1015.3
2025-03-04 14:30,59.36,75,1015.5
2025-03-04 15:00,61.16,73,1015.5
2025-03-04 15:30,63.14,69,1015.5
2025-03-04 16:00,64.94,58,1015.2
2025-03-04 16:30,66.02,59,1014.9
2025-03-04 17:00,66.74,58,1014.7
2025-03-04 17:30,68.72,57,1014.2
2025-03-04 18:00,71.42,51,1013.8
2025-03-04 18:30,73.4,49,1013
2025-03-04 19:00,74.84,48,1012.4
2025-03-04 19:30,76.28,46,1012.1
2025-03-04 20:30,75.2,44,1011.3
2025-03-04 21:00,74.84,43,1011.1
2025-03-04 21:30,73.58,45,1010.7
2025-03-04 22:00,72.14,46,1010.7
2025-03-04 22:30,71.06,47,1010.5
2025-03-04 23:00,70.16,48,1010.2
2025-03-04 23:30,71.96,59,1010
2025-03-05 00:00,71.24,61,1010.1
2025-03-05 00:30,70.34,63,1010.1
2025-03-05 01:00,69.62,65,1010
2025-03-05 01:30,68.72,67,1010.1
2025-03-05 02:30,67.28,70,1009.8
2025-03-05 03:00,66.92,72,1009.1
2025-03-05 03:30,66.56,74,1009
2025-03-05 04:00,66.56,75,1009.1
2025-03-05 04:30,66.56,77,1008.5
2025-03-05 05:00,66.38,79,1008.1
2025-03-05 05:30,65.84,81,1007.6
2025-03-05 06:00,66.02,81,1006.8
2025-03-05 06:30,66.38,81,1006.5
2025-03-05 07:00,67.1,81,1006.1
2025-03-05 07:30,67.28,80,1005.4
2025-03-05 08:30,68.72,78,1005.5
2025-03-05 09:00,69.08,78,1005.8
2025-03-05 09:30,69.08,79,1005.2
2025-03-05 10:00,68.54,80,1005
2025-03-05 10:30,68.18,81,1004.8
2025-03-05 11:00,68.18,81,1004.5
2025-03-05 11:30,68.18,81,1003.4
2025-03-05 12:00,68.54,81,1003.5
2025-03-05 12:30,69.08,81,1003.2
2025-03-05 13:00,69.62,80,1002.2
2025-03-05 13:30,70.34,79,1002.5
2025-03-05 14:30,72.86,75,1002.6
2025-03-05 15:00,73.76,71,1002.5
2025-03-05 15:30,72.86,77,1003.5
2025-03-05 16:00,71.24,70,1004.3
2025-03-05 16:30,68.18,73,1003.5
2025-03-05 17:00,67.1,69,1003.1
2025-03-05 17:30,69.8,59,1002.2
2025-03-05 18:00,73.22,50,1001.7
2025-03-05 18:30,75.02,49,1001.2
2025-03-05 19:00,75.38,46,1000.7
2025-03-05 19:30,76.46,44,1000.1
2025-03-05 20:30,78.08,43,999.6
2025-03-05 21:00,78.08,41,999.4
2025-03-05 21:30,76.28,45,999.4
2025-03-05 22:00,75.56,44,999.4
2025-03-05 22:30,74.48,40,999.7
2025-03-05 23:30,69.98,47,1000
2025-03-06 00:00,67.82,50,1000.1
2025-03-06 00:30,64.58,56,1000.3
2025-03-06 01:00,63.32,59,1000.7
2025-03-06 01:30,62.78,62,1000.9
2025-03-06 02:00,62.24,66,1000.9
2025-03-06 02:30,62.06,68,1001.3
2025-03-06 03:00,61.88,66,1001.6
2025-03-06 03:30,61.52,63,1002.1
2025-03-06 04:00,60.8,63,1002.5
2025-03-06 04:30,60.62,64,1002.7
2025-03-06 05:30,59.54,67,1003.2
2025-03-06 06:00,55.94,65,1004.3
2025-03-06 06:30,55.04,54,1004.3
2025-03-06 07:00,54.14,50,1004.5
2025-03-06 07:30,53.42,48,1003.4
2025-03-06 08:00,52.88,48,1003.8
2025-03-06 08:30,51.98,50,1004
2025-03-06 09:00,50.9,53,1004.5
2025-03-06 09:30,50.72,51,1004.7
2025-03-06 10:00,50,53,1005
2025-03-06 10:30,49.64,54,1005.4
2025-03-06 11:30,48.92,49,1006
2025-03-06 12:00,48.38,48,1006.2
2025-03-06 12:30,48.92,48,1006.5
2025-03-06 13:00,50.18,46,1006.8
2025-03-06 13:30,51.44,44,1007.1
2025-03-06 14:00,52.16,43,1007.3
2025-03-06 14:30,52.88,42,1007.4
2025-03-06 15:00,54.32,40,1007.4
2025-03-06 15:30,58.46,36,1007.5
2025-03-06 16:00,59.54,35,1007.3
2025-03-06 16:30,59.9,36,1007.5
2025-03-06 17:30,62.96,33,1007.1
2025-03-06 18:00,63.68,33,1006.6
2025-03-06 18:30,65.3,30,1006.5
2025-03-06 19:00,66.92,30,1006.4
2025-03-06 19:30,67.46,28,1006.2
2025-03-06 20:00,68,28,1006.1
2025-03-06 20:30,68.9,26,1005.9
2025-03-06 21:00,68,25,1005.9
2025-03-06 21:30,70.34,24,1005.9
2025-03-06 22:00,69.62,23,1006.1
2025-03-06 22:30,70.16,23,1006.2
2025-03-06 23:30,65.48,28,1007
2025-03-07 00:00,60.98,37,1007.5
2025-03-07 00:30,60.08,43,1007.9
2025-03-07 01:00,58.46,45,1008.2
2025-03-07 01:30,56.84,48,1008.5
2025-03-07 02:00,55.22,50,1008.9
2025-03-07 02:30,53.78,53,1009.6
2025-03-07 03:00,52.16,57,1009.6
2025-03-07 03:30,51.44,59,1009.8
2025-03-07 04:00,50.9,61,1010
2025-03-07 04:30,49.82,64,1010.2
2025-03-07 05:30,45.68,75,1010.3
2025-03-07 06:00,44.24,78,1010.3
2025-03-07 06:30,42.98,82,1010.1
2025-03-07 07:00,42.44,84,1010
2025-03-07 07:30,42.44,84,1010.5
2025-03-07 08:00,41.9,86,1010.4
2025-03-07 08:30,41.18,86,1009.8
2025-03-07 09:00,40.28,87,1010
2025-03-07 09:30,39.74,88,1010.4
2025-03-07 10:00,39.56,89,1010.2
2025-03-07 10:30,39.02,89,1010.3
2025-03-07 11:30,37.58,91,1010.9
2025-03-07 12:00,37.04,91,1011.4
2025-03-07 12:30,39.2,88,1011.5
2025-03-07 13:00,47.12,77,1011.8
2025-03-07 13:30,52.16,61,1012.2
2025-03-07 14:00,53.6,49,1012.2
2025-03-07 14:30,56.3,44,1012.6
2025-03-07 15:00,59,38,1013
2025-03-07 15:30,61.16,34,1012.7
2025-03-07 16:00,63.86,29,1012.6
2025-03-07 16:30,65.48,30,1012.3
2025-03-07 17:30,66.38,29,1011.8
2025-03-07 18:00,70.7,24,1011.4
2025-03-07 18:30,70.16,24,1011
2025-03-07 19:00,71.96,23,1010.6
2025-03-07 19:30,73.04,22,1010.2
2025-03-07 20:00,73.4,22,1009.8
2025-03-07 20:30,74.84,22,1009.5
2025-03-07 21:00,74.66,22,1009.4
2025-03-07 21:30,75.2,22,1009.2
2025-03-07 22:00,74.84,24,1009.4
2025-03-07 22:30,74.3,23,1009.3
2025-03-07 23:30,70.52,25,1009.3
2025-03-08 00:00,67.28,29,1009.4
2025-03-08 00:30,65.3,31,1009.5
2025-03-08 01:00,63.68,32,1009.6
2025-03-08 01:30,62.24,34,1010
2025-03-08 02:00,60.62,36,1010
2025-03-08 02:30,59,37,1010
2025-03-08 03:00,56.66,45,1009.9
2025-03-08 03:30,51.8,50,1009.7
2025-03-08 04:00,50.54,55,1009.8
2025-03-08 04:30,48.92,57,1009.7
2025-03-08 05:30,46.76,64,1009.4
2025-03-08 06:00,46.58,66,1009.2
2025-03-08 06:30,45.5,70,1009
2025-03-08 07:00,44.96,75,1008.7
2025-03-08 07:30,44.78,77,1008.4
2025-03-08 08:00,44.96,77,1008.4
2025-03-08 08:30,44.42,82,1008.4
2025-03-08 09:00,45.5,81,1008.3
2025-03-08 09:30,45.68,83,1008.3
2025-03-08 10:00,44.96,85,1008.8
2025-03-08 10:30,45.14,86,1008.8
2025-03-08 11:00,47.12,84,1009.1
2025-03-08 11:30,48.74,82,1009.3
2025-03-08 12:00,50,84,1009.3
2025-03-08 12:30,51.08,84,1009.5
2025-03-08 13:00,53.06,86,1009.4
2025-03-08 13:30,55.4,86,1009.8
2025-03-08 14:00,57.02,86,1009.7
2025-03-08 14:30,58.82,87,1009.7
2025-03-08 15:00,60.08,86,1009.9
2025-03-08 15:30,61.16,86,1010.2
2025-03-08 16:00,61.7,86,1010.6
2025-03-08 16:30,60.62,91,1010.5
2025-03-08 17:00,60.8,92,1010.4
2025-03-08 17:30,61.7,93,1009.7
2025-03-08 18:00,62.96,92,1008.8
2025-03-08 18:30,64.58,91,1008.9
2025-03-08 19:00,65.48,89,1008.8
2025-03-08 19:30,66.02,89,1008.1
2025-03-08 20:00,66.92,88,1007.8
2025-03-08 20:30,67.28,87,1007.9
2025-03-08 21:00,67.46,86,1007.8
2025-03-08 21:30,66.92,89,1008.1
2025-03-08 22:00,67.1,89,1007.4
2025-03-08 22:30,67.1,88,1008.1
2025-03-08 23:00,66.56,88,1008.5
2025-03-08 23:30,66.02,90,1008.1
2025-03-09 00:00,65.3,92,1007.9
2025-03-09 00:30,64.58,93,1008.3
2025-03-09 01:00,63.86,94,1008.4
2025-03-09 01:30,63.5,95,1008.1
2025-03-09 02:00,62.96,95,1007.9
2025-03-09 02:30,62.96,95,1007.9
2025-03-09 03:00,62.78,95,1008
2025-03-09 03:30,62.42,96,1007.9
2025-03-09 04:00,62.6,96,1007.8
2025-03-09 04:30,62.6,96,1008.1
2025-03-09 05:30,61.16,96,1008.1
2025-03-09 06:00,61.34,96,1008.1
2025-03-09 06:30,60.98,96,1007.7
2025-03-09 07:00,60.44,96,1007.5
2025-03-09 07:30,60.44,96,1007
2025-03-09 08:00,59.9,95,1006.9
2025-03-09 08:30,59.18,96,1006.6
2025-03-09 09:00,59.54,96,1006.6
2025-03-09 09:30,60.08,96,1006.5
2025-03-09 10:00,60.44,96,1006.7
2025-03-09 10:30,60.98,96,1006.8
2025-03-09 11:00,61.16,95,1007.1
2025-03-09 11:30,61.34,95,1007.2
2025-03-09 12:00,61.34,95,1007.2
2025-03-09 12:30,61.88,95,1007.5
2025-03-09 13:00,62.06,95,1007.8
2025-03-09 13:30,62.78,93,1007.9
2025-03-09 14:00,63.68,91,1008.2
2025-03-09 14:30,65.12,90,1009.5
2025-03-09 15:00,63.68,94,1010
2025-03-09 15:30,64.22,92,1009.9
2025-03-09 16:00,66.92,88,1009.7
2025-03-09 16:30,68.9,82,1010
2025-03-09 17:00,69.26,78,1009.7
2025-03-09 17:30,69.8,79,1009.5
2025-03-09 18:00,70.34,77,1009
2025-03-09 18:30,70.88,75,1008.3
2025-03-09 19:00,73.22,70,1007.8
2025-03-09 19:30,74.3,68,1007.4
2025-03-09 20:00,75.2,67,1007.1
2025-03-09 20:30,74.84,69,1006.9
2025-03-09 21:00,75.74,66,1006.4
2025-03-09 21:30,75.02,67,1006.2
2025-03-09 22:00,74.48,71,1005.7
2025-03-09 22:30,73.58,73,1006
2025-03-09 23:00,73.04,74,1005.6
2025-03-09 23:30,71.6,77,1006.1
2025-03-10 00:00,65.48,87,1004.7
2025-03-10 00:30,63.5,90,1005.9
2025-03-10 01:00,61.88,91,1006.9
2025-03-10 01:30,61.16,92,1007.5
2025-03-10 02:00,60.98,91,1006.9
2025-03-10 02:30,60.98,91,1007.5
2025-03-10 03:00,60.62,91,1006.4
2025-03-10 03:30,60.62,92,1006.1
2025-03-10 04:00,60.98,92,1005.1
2025-03-10 04:30,60.98,94,1005.4
2025-03-10 05:00,61.52,95,1005.1
2025-03-10 05:30,62.06,95,1004.1
2025-03-10 06:00,62.6,94,1003.6
2025-03-10 06:30,62.6,95,1003.5
2025-03-10 07:00,62.78,95,1002.7
2025-03-10 07:30,62.96,95,1002.3
2025-03-10 08:00,63.32,95,1001.7
2025-03-10 08:30,64.04,96,1001.4
2025-03-10 09:00,64.04,96,1001.1
2025-03-10 09:30,64.22,96,1000.6
2025-03-10 10:00,65.3,96,1000.5
2025-03-10 10:30,70.16,95,1000.6
2025-03-10 11:00,70.52,93,1000.5
2025-03-10 11:30,69.98,92,1000.5
2025-03-10 12:00,69.26,94,1000.7
2025-03-10 12:30,68.9,94,1000.9
2025-03-10 13:00,68.18,92,1001.1
2025-03-10 13:30,68,92,1001.5
2025-03-10 14:00,67.64,93,1001.6
2025-03-10 14:30,68.36,89,1001.6
2025-03-10 15:00,69.26,87,1001.8
2025-03-10 15:30,70.88,80,1001.9
2025-03-10 16:00,70.52,79,1001.8
2025-03-10 16:30,69.08,74,1001.8
2025-03-10 17:00,69.08,69,1002.2
2025-03-10 17:30,69.08,69,1002.2
2025-03-17 10:00,61.16,62,1009.7
2025-03-17 10:30,60.8,61,1010.1
2025-03-17 11:00,60.26,58,1010.6
2025-03-19 21:30,68,17,943.1
2025-03-19 22:00,69.62,16,961
2025-03-19 22:30,71.06,16,969.6
2025-03-19 23:00,71.96,16,982.9
2025-03-19 23:30,73.04,17,983.2
2025-03-20 00:00,73.76,15,983
2025-03-20 00:30,74.48,13,982.8
2025-03-20 01:00,75.02,15,982.5
2025-03-20 01:30,75.74,17,982.6
2025-03-20 02:00,76.28,19,982.6
2025-03-20 02:30,76.28,19,982.8
2025-03-20 03:00,75.92,20,982.9
2025-03-20 03:30,75.2,20,983
2025-03-20 04:00,74.12,17,983.1
2025-03-20 04:30,73.04,18,983.1
2025-03-20 05:00,71.96,19,983.2
2025-03-20 05:30,71.24,19,983.2
2025-03-20 06:00,70.34,21,982.9
2025-03-20 06:30,69.08,22,982.8
2025-03-20 07:00,67.64,24,982.5
2025-03-20 07:30,66.02,24,982.2
2025-03-20 08:00,64.76,25,982
2025-03-20 08:30,63.86,25,981.8
2025-03-20 09:00,63.14,26,981.5
2025-03-20 09:30,62.42,27,981.4
2025-03-20 10:00,61.7,27,980.9
2025-03-20 10:30,61.16,27,980.5
2025-03-20 11:00,60.44,27,980.4
2025-03-20 11:30,59.72,28,980.4
2025-03-20 12:00,58.82,29,980.4
2025-03-20 12:30,58.1,29,980.3
2025-03-20 13:00,57.2,29,980.4
2025-03-20 13:30,56.48,30,980.5
2025-03-20 14:00,55.76,30,980.9
2025-03-20 14:30,55.22,31,981.2
2025-03-20 15:00,54.68,31,981.3
2025-03-20 15:30,54.5,32,981.1
2025-03-20 16:00,55.04,32,981.2
2025-03-20 16:30,55.94,32,980.9
2025-03-20 17:00,57.38,23,980.7
2025-03-20 17:30,61.52,18,980.2
2025-03-20 18:00,68.72,17,979.7
2025-03-20 18:30,68.9,16,979.3
2025-03-20 19:00,70.88,16,978.6
2025-03-20 19:30,72.14,16,977.9
2025-03-20 20:00,73.76,14,977.4
2025-03-20 20:30,73.4,13,976.9
2025-03-20 21:00,74.66,14,976.4
2025-03-20 21:30,75.38,12,975.9
2025-03-20 22:30,77.36,11,975.1
2025-03-20 23:00,77.18,12,974.8
2025-03-20 23:30,77.9,12,974.4
2025-03-21 00:00,78.08,11,974.3
2025-03-21 00:30,78.44,11,974.3
2025-03-21 01:00,77.9,11,974.4
2025-03-21 01:30,76.28,10,974.4
2025-03-21 02:00,74.3,11,974.4
2025-03-21 02:30,72.14,12,974.6
2025-03-21 03:00,70.88,13,974.8
2025-03-21 03:30,70.52,13,975.1
2025-03-21 04:30,64.76,19,975.3
2025-03-21 05:00,63.5,19,975.3
2025-03-21 05:30,62.42,19,975.4
2025-03-21 06:00,61.52,20,975.5
2025-03-21 06:30,60.8,19,975.4
2025-03-21 07:00,58.82,20,975.6
2025-03-21 07:30,57.02,27,975.6
2025-03-21 08:00,55.94,28,975.6
2025-03-21 08:30,53.78,28,975.4
2025-03-21 09:00,54.14,27,975.3
2025-03-21 09:30,51.98,39,975.3
2025-03-21 10:30,53.24,33,975.4
2025-03-21 11:00,51.98,33,975.2
2025-03-21 11:30,52.34,35,975.5
2025-03-21 12:00,50.36,36,975.8
2025-03-21 12:30,51.08,34,975.9
2025-03-21 13:00,50.36,41,976.2
2025-03-21 13:30,51.44,44,976.7
2025-03-21 14:00,52.52,41,977
2025-03-21 14:30,55.58,34,977.2
2025-03-21 15:00,57.56,32,977.6
2025-03-21 15:30,58.82,30,977.9
2025-03-21 16:30,64.58,25,978.2
2025-03-21 17:00,65.48,24,978.2
2025-03-21 17:30,68.72,21,977.9
2025-03-21 18:00,71.42,19,977.6
2025-03-21 18:30,72.14,18,977.3
2025-03-21 19:00,74.84,16,977.1
2025-03-21 19:30,74.48,16,976.7
2025-03-21 20:00,75.92,15,976.1
2025-03-21 20:30,76.82,15,975.6
2025-03-21 21:00,79.7,14,975.1
2025-03-21 21:30,78.26,14,974.8
2025-03-21 22:30,80.06,13,974.1
2025-03-21 23:00,79.88,13,973.8
2025-03-21 23:30,80.6,13,973.6
2025-03-22 00:00,80.78,13,973.6
2025-03-22 00:30,81.68,12,973.4
2025-03-22 01:00,81.5,12,973.3
2025-03-22 01:30,79.52,12,973.3
2025-03-22 02:00,78.44,13,973.5
2025-03-22 02:30,77.18,14,973.7
2025-03-22 03:00,76.1,15,973.9
2025-03-22 03:30,75.74,15,974
2025-03-22 04:30,70.16,22,974.6
2025-03-22 05:00,66.56,21,974.6
2025-03-22 05:30,62.78,22,974.6
2025-03-22 06:00,60.98,23,974.6
2025-03-22 06:30,60.62,23,974.7
2025-03-22 07:00,61.7,31,974.7
2025-03-22 07:30,59.54,40,974.8
2025-03-22 08:00,61.52,35,974.7
2025-03-22 08:30,59.9,43,974.9
2025-03-22 09:00,59.36,43,974.6
2025-03-22 09:30,59.18,38,974.5
2025-03-22 10:00,57.2,42,974.5
2025-03-22 10:30,58.28,46,974.4
2025-03-22 11:00,57.38,48,974.4
2025-03-22 11:30,55.76,51,974.5
2025-03-22 12:00,54.68,49,974.5
2025-03-22 12:30,54.32,52,974.8
2025-03-22 13:00,53.6,50,974.9
2025-03-22 13:30,52.52,50,975
2025-03-22 14:00,53.42,48,975.4
2025-03-22 14:30,56.3,47,975.6
2025-03-22 15:00,60.62,38,975.9
2025-03-22 15:30,62.42,35,976
2025-03-22 16:30,68.54,31,976.2
2025-03-22 17:00,69.62,32,976.2
2025-03-22 17:30,73.94,28,976
2025-03-22 18:00,74.66,27,975.8
2025-03-22 18:30,76.28,26,975.5
2025-03-22 19:00,77.18,26,975.1
2025-03-22 19:30,78.26,25,974.6
2025-03-22 20:00,79.34,25,974
2025-03-22 20:30,82.04,24,973.5
2025-03-22 21:00,81.68,25,973
2025-03-22 21:30,81.68,25,972.5
2025-03-22 22:30,83.48,25,971.9
2025-03-22 23:00,83.48,26,971.6
2025-03-22 23:30,84.02,25,971.5
2025-03-23 00:00,83.84,25,971.4
2025-03-23 00:30,84.2,25,971.2
2025-03-23 01:00,84.2,25,971.3
2025-03-23 01:30,82.76,25,971.4
2025-03-23 02:00,80.96,25,971.5
2025-03-23 02:30,78.98,26,971.7
2025-03-23 03:00,78.08,27,971.9
2025-03-23 03:30,76.1,30,972.1
2025-03-23 04:30,73.76,32,972.6
2025-03-23 05:00,71.42,34,972.8
2025-03-23 05:30,71.06,34,972.9
2025-03-23 06:00,67.64,35,973.2
2025-03-23 06:30,63.86,34,973.1
2025-03-23 07:00,64.22,34,973.2
2025-03-23 07:30,64.04,34,973.2
2025-03-23 08:00,62.42,44,973.4
2025-03-23 08:30,58.64,46,973.4
2025-03-23 09:00,60.8,44,973.3
2025-03-23 09:30,58.64,52,973.2
2025-03-23 10:30,59.72,48,973.2
2025-03-23 11:00,60.44,48,973.2
2025-03-23 11:30,60.8,48,973.4
2025-03-23 12:00,59.54,51,973.6
2025-03-23 12:30,59.18,50,973.9
2025-03-23 13:00,59,48,974.4
2025-03-23 13:30,56.84,50,974.7
2025-03-23 14:00,55.76,50,974.9
2025-03-23 14:30,58.46,45,975.3
2025-03-23 15:00,60.98,43,975.7
2025-03-23 15:30,63.14,40,975.8
2025-03-23 16:30,69.62,34,976.2
2025-03-23 17:00,70.16,35,976.5
2025-03-23 17:30,73.22,31,976.4
2025-03-23 18:00,75.2,30,976.4
2025-03-23 18:30,77,28,976.3
2025-03-23 19:00,80.24,28,976
2025-03-23 19:30,80.96,27,975.7
2025-03-23 20:00,82.94,27,975.3
2025-03-23 20:30,83.48,26,975
2025-03-23 21:00,84.92,25,974.6
2025-03-23 21:30,84.38,25,974.2
2025-03-23 22:30,84.38,25,973.8
2025-03-23 23:00,86.18,25,973.6
2025-03-23 23:30,84.92,25,973.5
2025-03-24 00:00,85.64,25,973.6
2025-03-24 00:30,86,25,973.7
2025-03-24 01:00,84.56,25,973.8
2025-03-24 01:30,84.2,25,973.8
2025-03-24 02:00,83.66,25,973.8
2025-04-10 18:30,84.02,25,952.1
2025-04-10 19:00,85.64,25,951.6
2025-04-10 19:30,87.08,24,951.2
2025-04-10 20:00,88.7,24,950.9
2025-04-10 20:30,89.78,23,950.5
2025-04-10 21:00,91.22,23,950.2
2025-04-10 21:30,91.76,23,949.7
2025-04-10 22:00,91.4,22,949.2
2025-04-10 22:30,90.86,22,949
2025-04-10 23:00,91.22,22,948.7
2025-04-10 23:30,91.04,22,948.5
2025-04-11 00:00,91.94,21,948.3
2025-04-11 00:30,91.58,20,948
2025-04-11 01:00,90.68,20,947.8
2025-04-11 01:30,90.32,20,947.6
2025-04-11 02:00,88.88,20,947.5
2025-04-11 02:30,86,21,947.4
2025-04-11 03:00,85.46,21,947.6
2025-04-11 03:30,83.84,21,947.7
2025-04-11 04:00,81.14,22,948
2025-04-11 04:30,79.52,22,948.2
2025-04-11 05:00,78.08,22,948.3
2025-04-11 05:30,78.26,22,948.2
2025-04-11 06:00,78.44,22,948.3
2025-04-11 06:30,78.44,21,948.3
2025-04-11 07:00,77.9,22,948.2
2025-04-11 07:30,75.02,23,948.1
2025-04-11 08:00,74.66,22,948
2025-04-11 08:30,74.12,23,947.8
2025-04-11 09:00,72.68,23,947.6
2025-04-11 09:30,71.06,24,947.5
2025-04-11 10:00,69.62,24,947.4
2025-04-11 10:30,69.26,26,947.5
2025-04-11 11:00,68.9,27,947.6
2025-04-11 11:30,68.72,27,947.8
2025-04-11 12:00,66.92,28,947.6
2025-04-11 12:30,66.74,27,947.6
2025-04-11 13:00,66.56,29,947.7
2025-04-11 13:30,64.58,29,947.9
2025-04-11 14:00,66.2,28,948.2
2025-04-11 14:30,68.54,28,948.5
2025-04-11 15:00,70.88,27,948.7
2025-04-11 15:30,73.22,26,948.7
2025-04-11 16:00,80.6,24,948.6
2025-04-11 16:30,80.78,24,948.6
2025-04-11 17:00,82.04,24,948.7
2025-04-11 17:30,82.58,24,948.6
2025-04-11 18:00,84.2,24,948.5
2025-04-11 18:30,84.92,24,948.1
2025-04-11 19:00,87.98,23,947.7
2025-04-11 19:30,87.98,23,947.1
2025-04-11 20:00,90.14,23,946.5
2025-04-11 20:30,91.76,22,946
2025-04-11 21:00,91.4,22,945.6
2025-04-11 21:30,93.2,22,945
2025-04-11 22:00,93.02,22,944.1
2025-04-11 22:30,93.02,22,943.6
2025-04-11 23:00,92.84,22,943.1
2025-04-11 23:30,93.2,21,942.6
2025-04-12 00:00,93.56,21,942.5
2025-04-12 00:30,93.56,21,942
2025-04-12 01:00,93.02,21,941.8
2025-04-12 01:30,92.12,21,941.4
2025-04-12 02:00,90.68,21,941.4
2025-04-12 02:30,91.04,19,941.4
2025-04-12 03:00,89.78,19,941.6
2025-04-12 03:30,88.52,19,942.1
2025-04-12 04:30,82.04,21,942.5
2025-04-12 05:00,81.86,21,942.4
2025-04-12 05:30,81.14,22,942.4
2025-04-12 06:00,79.52,23,942.4
2025-04-12 06:30,79.7,23,942.7
2025-04-12 07:00,79.52,23,942.6
2025-04-12 07:30,80.96,23,942.4
2025-04-12 08:00,82.04,24,942.2
2025-04-12 08:30,81.68,25,942.2
2025-04-12 09:00,80.6,26,942.1
2025-04-12 09:30,79.34,26,941.8
2025-04-12 10:30,77.18,28,941.7
2025-04-12 11:00,77,29,941.6
2025-04-12 11:30,76.1,29,941.8
2025-04-12 12:00,76.64,29,941.5
2025-04-12 12:30,76.46,29,941.8
2025-04-12 13:00,76.1,28,941.9
2025-04-12 13:30,76.1,27,941.8
2025-04-12 14:00,76.1,28,942
2025-04-12 14:30,76.1,29,942.3
2025-04-12 15:00,76.64,28,942.3
2025-04-12 15:30,78.44,27,942.2
2025-04-12 16:30,78.98,27,942.5
2025-04-12 17:00,80.42,27,942.6
2025-04-12 17:30,82.76,26,942.6
2025-04-12 18:00,84.38,25,942.4
2025-04-12 18:30,85.82,24,942.2
2025-04-12 19:00,87.62,23,941.8
2025-04-12 19:30,88.52,21,941.1
2025-04-12 20:00,88.34,21,941.1
2025-04-12 20:30,89.06,21,940.9
2025-04-12 21:00,89.24,21,940.9
2025-04-12 21:30,88.16,21,940.4
2025-04-12 22:30,88.34,20,940
2025-04-12 23:00,89.06,20,939.2
2025-04-12 23:30,87.8,20,939.4
2025-04-13 00:00,87.62,21,939.2
2025-04-13 00:30,87.62,21,939.1
2025-04-13 01:00,87.44,20,938.8
2025-04-13 01:30,87.44,20,938.7
2025-04-13 02:00,86.54,20,938.7
2025-04-13 02:30,85.82,20,938.9
2025-04-13 03:00,85.1,20,939.2
2025-04-13 03:30,84.56,20,939.4
2025-04-13 04:30,83.48,20,939.9
2025-04-13 05:00,83.12,20,940.1
2025-04-13 05:30,81.5,21,940.2
2025-04-13 06:00,80.24,22,940.3
2025-04-13 06:30,78.8,23,940.4
2025-04-13 07:00,78.8,26,940.5
2025-04-13 07:30,77.54,26,940.5
2025-04-13 08:00,76.46,27,940.7
2025-04-13 08:30,75.56,29,940.8
2025-04-13 09:00,74.3,31,940.6
2025-04-13 09:30,73.76,31,940.6
2025-04-13 10:30,72.5,29,940.5
2025-04-13 11:00,72.68,28,940.5
2025-04-13 11:30,71.96,29,940.1
2025-04-13 12:00,71.78,30,940.2
2025-04-13 12:30,71.42,30,940.5
2025-04-13 13:00,69.98,31,941
2025-04-13 13:30,69.08,32,941.7
2025-04-13 14:00,68.18,33,942.1
2025-04-13 14:30,71.6,31,942.4
2025-04-13 15:00,71.06,32,942.7
2025-04-13 15:30,73.4,31,943
2025-04-13 16:30,75.2,28,943.3
2025-04-13 17:00,76.28,28,943.5
2025-04-13 17:30,77.18,27,943.7
2025-04-13 18:00,78.08,27,943.7
2025-04-13 18:30,79.16,27,943.6
2025-04-13 19:00,79.52,26,943.3
2025-04-13 19:30,81.68,26,943.1
2025-04-13 20:00,81.32,26,942.9
2025-04-13 20:30,84.2,25,942.9
2025-04-13 21:00,85.28,24,942.8
2025-04-13 21:30,85.64,24,942.5
2025-04-13 22:30,86.18,23,942
2025-04-13 23:00,87.08,23,941.8
2025-04-13 23:30,85.1,24,942
2025-04-14 00:00,83.3,23,941.9
2025-04-14 00:30,82.4,29,942
2025-04-17 18:30,74.84,60,998.9
2025-04-17 19:00,75.38,60,998.6
2025-04-17 19:30,76.46,61,998.2
2025-04-17 20:00,78.8,59,997.7
2025-04-17 20:30,79.52,58,997.6
2025-04-18 13:00,73.94,58,999
2025-04-18 13:30,73.76,59,999.3
2025-04-18 14:00,73.76,62,999.2
2025-04-18 14:30,73.94,65,999.3
2025-04-18 15:00,74.3,70,999.4
2025-04-18 15:30,74.48,70,999.4
2025-04-18 16:30,76.46,68,999.7
2025-04-18 17:00,77.36,66,999.3
2025-04-18 17:30,77.9,64,999
2025-04-19 14:00,75.74,70,1003.1
2025-04-19 14:30,75.2,70,1004.1
2025-04-19 15:00,75.02,70,1004.4
2025-04-19 18:30,79.34,63,1004.4
2025-04-19 19:00,80.06,62,1004.4
2025-04-19 19:30,80.6,61,1004.4
2025-04-19 20:30,81.86,59,1003.9
2025-04-19 21:00,82.4,59,1003.9
2025-04-19 21:30,82.76,58,1003.7
2025-04-19 22:30,81.5,59,1003.6
2025-04-20 13:30,74.12,64,1003
2025-04-20 14:00,74.12,64,1002.7
2025-04-20 14:30,74.3,64,1002.3
2025-04-20 15:00,74.66,74,1002.2
2025-04-20 15:30,75.38,72,1002.1
2025-04-20 16:30,76.64,69,1001.6
2025-04-20 17:00,77.18,67,1000.7
2025-04-20 17:30,77.9,66,1000.3
2025-04-21 13:00,64.76,66,1003.3
2025-04-21 13:30,64.22,66,1003.5
2025-04-21 14:00,64.04,68,1003.8
2025-04-21 14:30,63.68,68,1004.1
2025-04-21 15:00,63.86,69,1004.2
2025-04-21 18:00,70.7,71,1003.5
2025-04-21 18:30,72.32,70,1003.4
2025-04-21 19:00,74.66,57,1003.3
2025-04-21 19:30,74.84,55,1003
2025-04-21 20:00,75.38,52,1002.8
2025-04-21 20:30,75.02,53,1002.5
2025-04-21 21:00,74.66,52,1002.1
2025-04-21 21:30,75.56,52,1002
2025-04-21 22:30,75.38,50,1001.6
2025-04-21 23:00,75.02,49,1001.5
2025-04-21 23:30,75.02,50,1001.5
2025-04-23 18:00,75.56,67,997.2
2025-04-23 18:30,76.1,66,991.5
2025-04-23 19:00,76.82,63,991.8
2025-04-23 19:30,77.72,62,991.9
2025-04-23 20:00,78.44,62,988.3
2025-04-23 20:30,79.16,60,993.4
2025-04-23 21:00,79.88,58,998.9
2025-04-23 21:30,80.6,58,999
2025-04-23 22:00,81.32,58,999.1
2025-04-23 22:30,81.32,58,999.1
2025-04-23 23:00,82.58,50,999.3
2025-04-23 23:30,81.68,53,999.2
2025-04-24 09:00,73.04,62,1001.1
2025-04-24 09:30,72.68,63,1001.2
2025-04-24 10:00,72.14,63,1001.4
2025-04-24 10:30,71.78,64,1001.7
2025-04-24 11:00,71.24,65,1001.9
2025-04-24 11:30,70.88,65,1002.2
2025-04-24 12:00,70.52,66,1002.6
2025-04-24 12:30,70.16,66,1002.8
2025-04-24 13:00,69.98,66,1002.8
2025-04-24 13:30,69.98,68,1003
2025-04-24 14:00,69.98,72,1002.8
2025-04-24 14:30,66.92,88,1003
2025-04-24 15:00,65.66,88,1003.2
2025-04-24 15:30,66.02,87,1003.4
2025-04-24 16:30,66.56,85,1003.3
2025-04-24 17:00,66.92,84,1003.2
2025-04-24 17:30,67.28,84,1003
2025-04-24 18:00,68.18,82,1002.8
2025-04-24 18:30,68.36,81,1002.5
2025-04-24 19:00,71.42,78,1002.2
2025-04-24 19:30,71.42,79,1002.1
2025-04-24 20:00,68.9,83,1001.7
2025-04-24 20:30,68.54,84,1001.4
2025-04-24 21:00,68.54,84,1001.3
2025-04-24 21:30,69.62,82,1001.3
2025-04-24 22:30,69.62,81,1001.3
2025-04-24 23:00,69.98,81,1001.2
2025-04-24 23:30,69.08,84,1001.1
2025-04-25 00:00,68.54,86,1001.2
2025-04-25 00:30,67.82,89,1001.4
2025-04-25 01:00,66.92,91,1001.6
2025-04-25 01:30,66.92,91,1001.8
2025-04-25 02:00,66.74,91,1001.9
2025-04-25 02:30,66.38,91,1001.9
2025-04-25 03:00,65.84,93,1001.8
2025-04-25 03:30,65.66,93,1001.7
2025-04-25 04:30,64.04,95,1001.5
2025-04-25 05:00,64.04,95,1001.1
2025-04-25 05:30,64.22,95,1001.1
2025-04-25 06:00,64.22,95,1000.8
2025-04-25 06:30,63.86,95,1000.8
2025-04-25 07:00,63.68,95,1000.7
2025-04-25 07:30,63.5,95,1000.7
2025-04-25 08:00,63.32,95,1000.5
2025-04-25 08:30,63.14,95,1000.7
2025-04-25 09:00,62.96,96,1000.6
2025-04-25 09:30,62.96,96,1000.8
2025-04-25 10:00,62.96,96,1000.9
2025-04-25 10:30,62.96,95,1001
2025-04-25 11:00,62.96,95,1001.4
2025-04-25 11:30,63.68,94,1001.6
2025-04-25 12:00,64.58,91,1001.9
2025-04-25 12:30,65.84,89,1002
2025-04-25 13:00,67.64,85,1002
2025-04-25 13:30,68.9,84,1002
2025-04-25 14:00,69.8,81,1001.9
2025-04-25 14:30,70.7,80,1001.8
2025-04-25 15:00,72.32,76,1001.7
2025-04-25 15:30,74.84,71,1001.4
2025-04-25 16:30,76.1,68,1000.6
2025-04-25 17:00,78.26,62,1000.4
2025-04-25 17:30,79.7,59,999.9
2025-04-25 18:00,79.88,59,999.8
2025-04-25 18:30,80.78,57,999.5
2025-04-25 19:00,79.88,56,999
2025-04-25 19:30,81.86,55,998.6
2025-04-25 20:00,81.14,56,998.1
2025-04-25 20:30,82.22,54,997.8
2025-04-25 21:00,80.96,57,997.6
2025-04-25 21:30,81.68,53,997.4
2025-04-25 22:30,80.24,56,997
2025-04-25 23:00,78.8,61,997
2025-04-25 23:30,76.46,65,997
2025-04-26 00:00,76.1,64,997.1
2025-04-26 00:30,76.28,64,997
2025-04-26 01:00,76.46,64,997
2025-04-26 01:30,74.3,68,996.9
2025-04-26 02:00,72.5,72,997
2025-04-26 02:30,70.7,76,996.8
2025-04-26 03:00,68.9,80,996.8
2025-04-26 03:30,67.82,83,996.8
2025-04-26 04:30,65.3,88,996.4
2025-04-26 05:00,64.58,90,996.4
2025-04-26 05:30,64.58,89,996.3
2025-04-26 06:00,66.2,86,995.9
2025-04-26 06:30,68.54,82,995.8
2025-04-26 07:00,69.26,79,996
2025-04-26 07:30,68.54,83,996.1
2025-04-26 08:00,66.38,86,996.2
2025-04-26 08:30,65.48,86,995.7
2025-04-26 09:00,65.12,87,995.3
2025-04-26 09:30,64.58,87,994.7
2025-04-26 10:30,63.68,90,995.2
2025-04-26 11:00,65.12,85,995.5
2025-04-26 11:30,66.92,81,996
2025-04-26 12:00,67.1,82,996.3
2025-04-26 12:30,67.64,81,996.3
2025-04-26 13:00,67.64,80,996.4
2025-04-26 13:30,67.64,80,996.3
2025-04-26 14:00,70.34,74,996.1
2025-04-26 14:30,73.4,69,996.2
2025-04-26 15:00,76.28,65,996.4
2025-04-26 15:30,78.44,61,996.4
2025-04-26 16:30,79.52,59,995.7
2025-04-26 17:00,80.78,59,995.3
2025-04-26 17:30,82.94,55,995
2025-04-26 18:00,82.76,55,995
2025-04-26 18:30,84.38,51,994.6
2025-04-26 19:00,85.64,51,994.4
2025-04-26 19:30,85.28,52,994
2025-04-26 20:00,87.26,47,993.6
2025-04-26 20:30,86.9,48,993.4
2025-04-26 21:00,86.72,49,993.4
2025-04-26 21:30,86.18,50,993.1
2025-04-26 22:30,87.26,50,993.1
2025-04-26 23:00,86.18,51,993.3
2025-04-26 23:30,85.28,53,993.4
2025-04-27 00:00,84.38,54,993.6
2025-04-27 00:30,82.04,57,993.8
2025-04-27 01:00,81.68,57,994.3
2025-04-27 01:30,80.24,59,994.6
2025-04-27 02:00,77.36,63,994.9
2025-04-27 02:30,76.64,65,995.1
2025-04-27 03:00,75.56,67,995.3
2025-04-27 03:30,71.6,74,995.5
2025-04-27 04:30,69.62,67,996.5
2025-04-27 05:00,68.36,65,996.7
2025-04-27 05:30,66.92,65,996.9
2025-04-27 06:00,65.66,65,996.9
2025-04-27 06:30,64.58,64,997
2025-04-27 07:00,63.68,64,997.1
2025-04-27 07:30,62.78,65,997.3
2025-04-27 08:00,62.24,65,997.4
2025-04-27 08:30,61.34,66,997.7
2025-04-27 09:00,60.44,67,998
2025-04-27 09:30,59.54,66,998.3
2025-04-27 10:00,58.82,66,998.7
2025-04-27 10:30,57.74,67,999.2
2025-04-27 11:00,56.66,68,999.5
2025-04-27 11:30,57.56,65,999.9
2025-04-27 12:00,58.28,63,1000.4
2025-04-27 12:30,58.46,63,1000.8
2025-04-27 13:00,59,62,1001.1
2025-04-27 13:30,59.9,59,1001.1
2025-04-27 14:00,60.8,56,1001.2
2025-04-27 14:30,62.24,53,1001.5
2025-04-27 15:00,63.5,52,1001.6
2025-04-27 15:30,64.22,50,1001.6
2025-04-27 16:00,65.12,48,1001.3
2025-04-27 16:30,65.48,49,1001.3
2025-04-27 17:00,66.2,48,1001.2
2025-04-27 17:30,67.82,45,1000.9
2025-04-27 18:00,68.9,43,1000.7
2025-04-27 18:30,69.8,42,1000.6
2025-04-27 19:00,71.24,41,1000.4
2025-04-27 19:30,72.14,39,1000
2025-04-27 20:00,71.42,40,999.7
2025-04-27 20:30,71.6,41,999.4
2025-04-27 21:00,71.6,40,999.4
2025-04-27 21:30,71.42,40,999.4
2025-04-27 22:00,71.24,41,999.4
2025-04-27 22:30,71.42,40,999.6
2025-04-27 23:00,71.6,41,999.6
2025-04-27 23:30,69.62,46,999.9
2025-04-28 00:00,67.28,51,1000.1
2025-04-28 00:30,65.48,53,1000.3
2025-04-28 01:00,62.6,62,1001
2025-04-28 01:30,65.66,57,1001.2
2025-04-28 02:00,68.18,54,1001.4
2025-04-28 02:30,69.08,52,1001.5
2025-04-28 03:00,69.08,52,1001.7
2025-04-28 03:30,68.9,52,1001.8
2025-04-28 04:30,68.18,52,1002.1
2025-04-28 05:00,67.82,52,1002.3
2025-04-28 05:30,67.46,53,1002.2
2025-04-28 06:00,66.92,53,1002.2
2025-04-28 06:30,66.56,54,1002.3
2025-04-28 07:00,66.2,54,1002
2025-04-28 07:30,65.66,55,1002.3
2025-04-28 08:00,65.3,55,1002.6
2025-04-28 08:30,64.94,56,1002.8
2025-04-28 09:00,64.58,56,1002.9
2025-04-28 09:30,64.22,57,1003.2
2025-04-28 10:30,63.32,57,1003.7
2025-04-28 11:00,62.78,58,1004.2
2025-04-28 11:30,62.24,58,1004.4
2025-04-28 12:00,61.88,59,1004.7
2025-04-29 13:00,75.74,66,988.4
2025-04-29 13:30,76.1,64,985.3
2025-04-29 14:00,76.28,60,988.9
2025-04-29 14:30,76.64,52,989.2
2025-04-29 15:00,76.64,57,989.9
2025-04-29 15:30,76.64,55,991.1
2025-04-29 16:30,77,49,991.5
2025-05-14 09:00,71.96,62,986.1
2025-05-14 09:30,71.6,63,986.1
2025-05-14 10:00,71.24,63,986.2
2025-05-14 10:30,70.7,64,986.3
2025-05-14 11:00,70.34,64,986.3
2025-05-14 11:30,69.98,65,986.5
2025-05-14 12:00,69.62,65,986.5
2025-05-14 12:30,69.26,65,986.5
2025-05-14 13:00,68.9,66,986.6
2025-05-14 13:30,68.9,66,986.8
2025-05-14 14:00,69.08,71,987
2025-05-14 14:30,69.8,74,986.9
2025-05-14 15:00,70.7,73,986.8
2025-05-14 15:30,71.78,72,986.6
2025-05-14 16:30,74.48,68,986.3
2025-05-14 17:00,75.92,68,986
2025-05-14 17:30,77.36,71,985.8
2025-05-14 18:00,78.8,65,985.5
2025-05-14 18:30,80.24,59,985.3
2025-05-14 19:00,81.5,58,985.2
2025-05-14 19:30,82.22,53,985
2025-05-14 20:00,81.32,53,984.7
2025-05-14 20:30,80.6,52,984.6
2025-05-14 21:00,79.16,60,984.2
2025-05-14 21:30,80.24,53,983.7
2025-05-14 22:30,80.24,63,983.5
2025-05-14 23:00,79.34,64,983.5
2025-05-14 23:30,77.72,65,983.4
2025-05-15 00:00,76.64,66,983.3
2025-05-15 00:30,74.66,69,983.6
2025-05-15 01:00,73.22,71,983.7
2025-05-15 01:30,71.78,73,983.8
2025-05-15 02:00,70.34,76,984.2
2025-05-15 02:30,69.26,77,984.3
2025-05-15 03:00,68.36,78,984.3
2025-05-15 03:30,67.64,80,984.2
2025-05-15 04:30,67.1,80,983.8
2025-05-15 05:00,66.74,81,983.7
2025-05-15 05:30,66.74,82,983.7
2025-05-15 06:00,66.92,83,983.5
2025-05-15 06:30,66.2,85,983.2
2025-05-15 07:00,66.02,86,982.9
2025-05-15 07:30,66.38,86,982.8
2025-05-15 08:00,66.38,86,982.6
2025-05-15 08:30,66.2,85,982.4
2025-05-15 09:00,66.2,85,982.3
2025-05-15 09:30,66.38,84,982.3
2025-05-15 10:30,66.38,84,982.1
2025-05-15 11:00,66.2,85,982.1
2025-05-15 11:30,66.38,84,982.3
2025-05-15 12:00,67.28,83,982.2
2025-05-15 12:30,68.72,80,982.1
2025-05-15 13:00,70.88,78,982
2025-05-15 13:30,72.86,76,981.9
2025-05-15 14:00,76.28,72,981.8
2025-05-15 14:30,78.26,70,981.2
2025-05-15 15:00,80.06,67,981.1
2025-05-15 15:30,81.5,64,980.9
2025-05-15 16:00,82.22,63,981
2025-05-15 16:30,82.94,63,980.8
2025-05-15 17:00,84.38,63,980.6
2025-05-15 17:30,86.18,60,980
2025-05-15 18:00,87.44,59,979.6
2025-05-15 18:30,89.06,57,979.2
2025-05-15 19:00,90.32,54,978.5
2025-05-15 19:30,91.4,52,978.3
2025-05-15 20:00,93.2,49,978
2025-05-15 20:30,95,45,977.6
2025-05-15 21:00,95,46,977.1
2025-05-15 21:30,93.56,48,976.8
2025-05-15 22:30,92.3,51,976.2
2025-05-15 23:00,91.94,54,975.9
2025-05-15 23:30,90.32,56,975.8
2025-05-16 00:00,89.06,56,975.8
2025-05-16 00:30,88.34,59,975.1
2025-05-16 01:00,83.12,72,976.2
2025-05-16 01:30,76.1,69,978.1
2025-05-16 02:00,78.62,58,978.6
2025-05-16 02:30,81.5,50,980.1
2025-05-16 03:00,81.68,44,980.8
2025-05-16 03:30,80.06,44,981.2
2025-05-16 04:30,77.18,46,981.5
2025-05-16 05:00,76.64,46,981.8
2025-05-16 05:30,75.74,47,982
2025-05-16 06:00,75.2,48,982.2
2025-05-16 06:30,74.12,49,982.4
2025-05-16 07:00,70.7,54,982.5
2025-05-16 07:30,65.84,64,982.5
2025-05-16 08:00,60.08,76,982.8
2025-05-16 08:30,60.08,76,982.9
2025-05-16 09:00,59.36,81,983.1
2025-05-16 09:30,58.28,82,983
2025-05-16 10:30,57.38,82,983
2025-05-16 11:00,58.46,81,983
2025-05-16 11:30,60.08,80,982.9
2025-05-16 12:00,63.68,74,982.7
2025-05-16 12:30,68.9,63,982.2
2025-05-16 13:00,71.6,58,981.9
2025-05-16 13:30,73.58,53,981.8
2025-05-16 14:00,74.66,53,981.6
2025-05-16 14:30,76.28,51,981.5
2025-05-16 15:00,78.44,49,981.3
2025-05-16 15:30,79.7,48,981.2
2025-05-16 16:30,82.94,43,980.4
2025-05-16 17:00,83.66,39,980
2025-05-16 17:30,84.2,37,979.8
2025-05-16 18:00,85.1,37,979.3
2025-05-16 18:30,84.38,36,978
2025-05-16 19:00,85.46,36,977.4
2025-05-16 19:30,86,33,977
2025-05-16 20:00,86.18,34,975.9
2025-05-16 20:30,86.9,31,975.1
2025-05-16 21:00,87.08,33,974.6
2025-05-16 21:30,88.16,31,974.5
2025-05-16 22:30,85.82,35,973.6
2025-05-16 23:00,84.2,39,973.1
2025-05-16 23:30,78.62,50,973.9
2025-05-17 00:00,76.28,54,974.1
2025-05-17 00:30,75.56,58,974.5
2025-05-17 01:00,76.28,59,974.8
2025-05-17 01:30,78.08,53,975
2025-05-17 02:00,79.88,36,975.5
2025-05-17 02:30,78.44,36,976
2025-05-17 03:00,74.48,42,977.2
2025-05-17 03:30,73.58,42,977.1
2025-05-17 04:30,69.8,45,977.9
2025-05-17 05:00,68.18,47,978.5
2025-05-17 05:30,67.28,47,978.6
2025-05-17 06:00,66.56,50,978.6
2025-05-17 06:30,65.12,51,978.7
2025-05-17 07:00,62.78,53,978.7
2025-05-17 07:30,62.42,55,978.9
2025-05-17 08:00,61.34,59,979
2025-05-17 08:30,61.16,60,979.1
2025-05-17 09:00,61.16,61,979.6
2025-05-17 09:30,60.08,59,979.5
2025-05-17 10:00,58.82,59,979.9
2025-05-17 10:30,57.92,61,980.1
2025-05-17 11:00,57.2,62,980.4
2025-05-17 11:30,57.56,62,981
2025-05-17 12:00,57.02,63,981.3
2025-05-17 12:30,56.66,63,981.4
2025-05-17 13:00,57.74,62,981.5
2025-05-17 13:30,58.64,61,981.7
2025-05-17 14:00,59.54,60,981.9
2025-05-17 14:30,60.26,60,982.4
2025-05-17 15:00,60.8,59,982.5
2025-05-17 15:30,61.52,58,983
2025-05-17 16:30,61.7,58,984.1
2025-05-17 17:00,62.96,56,984.1
2025-05-17 17:30,64.76,55,984.2
2025-05-17 18:00,66.2,53,984.3
2025-05-17 18:30,66.74,52,984.3
2025-05-17 19:00,69.08,50,984.2
2025-05-17 19:30,70.16,49,984.3
2025-05-17 20:00,70.16,48,984.5
2025-05-17 20:30,71.06,48,984.8
2025-05-17 21:00,72.14,46,985
2025-05-17 21:30,72.14,46,985.3
2025-05-17 22:30,73.04,45,985.5
2025-05-17 23:00,72.5,45,985.7
2025-05-17 23:30,71.96,46,985.7
2025-05-18 00:00,70.88,46,985.9
2025-05-18 00:30,70.7,47,986
2025-05-18 01:00,70.16,47,986.4
2025-05-18 01:30,68,50,986.8
2025-05-18 02:00,66.56,51,987.1
2025-05-18 02:30,65.66,52,987.5
2025-05-18 03:00,64.58,53,987.7
2025-05-18 03:30,63.14,55,987.8
2025-05-18 04:30,61.88,57,988.3
2025-05-18 05:00,60.62,60,988.7
2025-05-18 05:30,59.9,62,989
2025-05-18 06:00,59.54,62,989.3
2025-05-18 06:30,58.82,63,989.5
2025-05-18 07:00,57.2,65,989.8
2025-05-18 07:30,57.02,66,990
2025-05-18 08:00,56.66,67,989.8
2025-05-18 08:30,53.96,71,989.6
2025-05-18 09:00,53.96,72,989.8
2025-05-18 09:30,53.78,72,990.3
2025-05-18 10:30,52.52,74,990.9
2025-05-18 11:00,52.88,74,991.3
2025-05-18 11:30,53.06,74,991.8
2025-05-18 12:00,54.14,73,991.9
2025-05-18 12:30,55.94,69,992
2025-05-18 13:00,56.48,70,992.5
2025-05-18 13:30,56.48,70,992.3
2025-05-18 14:00,57.02,70,992.4
2025-05-18 14:30,57.92,70,992.5
2025-05-18 15:00,59.36,68,992.2
2025-05-18 15:30,59.18,68,992.4
2025-05-18 16:30,62.42,62,992.4
2025-05-18 17:00,64.22,59,992.5
2025-05-18 17:30,66.02,57,992.5
2025-05-18 18:00,67.64,52,992.4
2025-05-18 18:30,67.28,55,992.2
2025-05-18 19:00,69.26,53,992.2
2025-05-18 19:30,71.96,49,992.1
2025-05-18 20:00,68.9,53,991.9
2025-05-18 20:30,70.16,50,991.7
2025-05-18 21:00,69.44,54,992.2
2025-05-18 21:30,69.62,54,992.3
2025-05-18 22:00,69.62,58,992.3
2025-05-18 22:30,70.88,57,992.4
2025-05-18 23:00,71.24,57,992.5
2025-05-28 16:00,63.14,69,1008.9
2025-05-28 16:30,64.04,69,1006
2025-05-28 17:00,65.3,67,1001.2
2025-05-28 17:30,66.92,65,1010.8
2025-05-28 18:00,68.54,60,1010.3
2025-05-28 18:30,70.34,59,1007.9
2025-05-28 19:00,71.78,55,975.4
2025-05-28 19:30,73.04,51,1017.7
2025-05-28 20:00,74.12,50,1000.2
2025-05-28 20:30,75.02,50,998.1
2025-05-28 21:00,75.92,51,998.2
2025-05-28 21:30,76.46,51,998.3
2025-05-29 09:00,64.22,66,995.8
2025-05-29 09:30,64.04,67,995.5
2025-05-29 10:00,63.68,67,995.4
2025-05-29 10:30,63.32,68,994.9
2025-05-29 11:00,63.14,68,995
2025-05-29 11:30,62.78,69,994.9
2025-05-29 12:00,62.42,69,998.2
2025-05-29 12:30,62.42,70,1009
2025-05-29 13:00,62.42,73,1011
2025-05-29 13:30,62.78,74,1011.9
2025-05-29 14:00,63.32,75,1013.8
2025-05-29 14:30,64.58,68,1013.2
2025-05-29 15:00,66.38,62,1012.8
2025-05-29 15:30,68.54,58,1012.5
2025-05-29 16:00,67.28,71,1012
2025-05-29 16:30,64.94,76,1011.5
2025-05-29 17:00,64.22,74,1011
2025-05-29 17:30,64.04,75,1010.7
2025-05-29 18:00,63.68,74,1010.4
2025-05-29 18:30,62.78,76,1010.1
2025-05-29 19:00,62.06,78,1009.8
2025-05-29 19:30,63.14,77,1009.3
2025-05-29 20:00,64.58,75,1009
2025-05-29 20:30,63.5,76,1008.7
2025-05-29 21:00,64.22,76,1008
2025-05-29 21:30,64.4,75,1007.6
2025-05-29 22:30,63.68,78,1007.1
2025-05-29 23:00,63.5,79,1006.7
2025-05-29 23:30,62.78,81,1006.7
2025-05-30 00:00,61.7,83,1006.4
2025-05-30 00:30,59.72,86,1006.2
2025-05-30 01:00,58.46,89,1006.3
2025-05-30 01:30,57.2,91,1006.3
2025-05-30 02:00,56.48,91,1006.2
2025-05-30 02:30,56.12,92,1006.1
2025-05-30 03:00,55.94,92,1005.9
2025-05-30 03:30,56.84,92,1005.4
2025-05-30 04:30,56.48,93,1004.7
2025-05-30 05:00,56.84,93,1004.3
2025-05-30 05:30,58.28,92,1004
2025-05-30 06:00,56.84,92,1003.6
2025-05-30 06:30,55.4,93,1003.5
2025-05-30 07:00,57.38,94,1003.2
2025-05-30 07:30,58.64,92,1002.8
2025-05-30 08:00,58.46,92,1002.8
2025-05-30 08:30,57.74,93,1002.8
2025-05-30 09:00,57.38,93,1002.6
2025-05-30 09:30,57.74,92,1002.5
2025-05-30 10:00,58.1,92,1002.3
2025-05-30 10:30,59,91,1002.2
2025-05-30 11:00,60.08,90,1002
2025-05-30 11:30,60.98,89,1002
2025-05-30 12:00,62.96,84,1001.8
2025-05-30 12:30,64.58,80,1001.6
2025-05-30 13:00,66.56,73,1001.4
2025-05-30 13:30,68.72,67,1000.8
2025-05-30 14:00,69.26,66,1000.6
2025-05-30 14:30,70.7,64,1000.2
2025-05-30 15:00,70.7,64,1000
2025-05-30 15:30,71.78,65,999.7
2025-05-30 16:00,71.42,66,999.3
2025-05-30 16:30,72.14,65,998.9
2025-05-30 17:00,71.96,65,998.5
2025-05-30 17:30,72.5,64,998
2025-05-30 18:00,72.86,64,997.7
2025-05-30 18:30,72.14,68,997.5
2025-05-30 19:00,69.08,79,997.4
2025-05-30 19:30,69.26,78,997
2025-05-30 20:00,69.8,76,996.8
2025-05-30 20:30,69.98,75,996.8
2025-05-30 21:00,70.34,76,996.3
2025-05-30 21:30,70.88,75,995.9
2025-05-30 22:00,71.78,72,995.7
2025-05-30 22:30,71.06,74,995.4
2025-05-30 23:00,71.24,73,995.5
2025-05-30 23:30,71.06,73,995.3
2025-05-31 00:00,69.98,75,994.5
2025-05-31 00:30,68.54,78,994.8
2025-05-31 01:00,66.38,83,994.2
2025-05-31 01:30,66.2,85,994.7
2025-05-31 02:00,66.56,84,994.7
2025-05-31 02:30,66.2,84,994
2025-05-31 03:00,65.12,86,993.5
2025-05-31 03:30,65.66,85,993.9
2025-05-31 04:30,64.4,87,993.1
2025-05-31 05:00,64.22,87,993
2025-05-31 05:30,63.5,89,992.4
2025-05-31 06:00,62.96,90,991.9
2025-05-31 06:30,62.06,92,991.4
2025-05-31 07:00,61.52,93,991
2025-05-31 07:30,61.16,94,990.5
2025-05-31 08:00,61.16,94,990.1
2025-05-31 08:30,60.8,95,989.8
2025-05-31 09:00,60.08,95,988.9
2025-05-31 09:30,59.18,95,988.4
2025-05-31 10:00,58.28,95,988.2
2025-05-31 10:30,57.02,96,987.5
2025-05-31 11:00,56.84,96,986.8
2025-05-31 11:30,57.2,96,986.8
2025-05-31 12:00,57.02,96,986.5
2025-05-31 12:30,57.02,97,985.6
2025-05-31 13:00,56.48,97,984.7
2025-05-31 13:30,55.76,97,984
2025-05-31 14:00,55.4,97,983
2025-05-31 14:30,55.76,97,983.1
2025-05-31 15:00,56.84,97,982.7
2025-05-31 15:30,57.74,96,982.1
2025-05-31 16:30,61.88,91,980.9
2025-05-31 17:00,63.14,87,980.4
2025-05-31 17:30,63.32,89,980.2
2025-05-31 18:00,64.04,87,980
2025-05-31 18:30,66.92,82,979.5
2025-05-31 19:00,66.02,76,979.6
2025-05-31 19:30,66.92,72,979.3
2025-05-31 20:00,66.02,75,979.3
2025-05-31 20:30,64.94,81,979.4
2025-05-31 21:00,64.94,83,979.7
2025-05-31 21:30,64.94,82,979.7
2025-05-31 22:30,62.24,87,980.5
2025-05-31 23:00,60.98,85,981.6
2025-05-31 23:30,60.08,86,982.8
2025-06-01 00:00,58.82,84,983.5
2025-06-01 00:30,57.74,86,984.4
2025-06-01 01:00,56.66,88,985.2
2025-06-01 01:30,56.12,89,986
2025-06-01 02:00,55.4,89,986.6
2025-06-01 02:30,54.32,88,987.2
2025-06-01 03:00,53.6,89,987.4
2025-06-01 03:30,52.7,88,987.9
2025-06-01 04:30,51.44,87,988.9
2025-06-01 05:00,51.26,86,989
2025-06-01 05:30,51.08,86,989
2025-06-01 06:00,50.9,85,988.9
2025-06-01 06:30,50.9,85,989.5
2025-06-01 07:00,50.36,86,990
2025-06-01 07:30,50.36,86,990.3
2025-06-01 08:00,50.72,85,990.8
2025-06-01 08:30,50.54,86,991.2
2025-06-01 09:00,50.36,88,991.7
2025-06-01 09:30,50.36,88,992.1
2025-06-01 10:30,50.72,88,992.9
2025-06-01 11:00,50.9,87,993.3
2025-06-01 11:30,51.62,84,993.6
2025-06-01 12:00,53.06,79,993.8
2025-06-01 12:30,53.42,79,994.2
2025-06-01 13:00,55.4,66,994.6
2025-06-01 13:30,54.86,71,994.7
2025-06-01 14:00,54.68,70,995
2025-06-01 14:30,56.48,64,995.5
2025-06-01 15:00,57.38,61,995.7
2025-06-01 15:30,58.82,58,996
2025-06-01 16:30,59.54,57,996.6
2025-06-01 17:00,58.82,58,997
2025-06-01 17:30,59.18,58,997
2025-06-01 18:00,60.44,53,997.1
2025-06-01 18:30,61.34,53,997.4
2025-06-01 19:00,61.88,51,997.6
2025-06-01 19:30,62.06,50,997.8
2025-06-01 20:00,61.7,51,998.4
2025-06-01 20:30,62.06,50,998.8
2025-06-01 21:00,62.06,49,999.2
2025-06-01 21:30,63.14,48,999.3
2025-06-01 22:30,62.6,49,1000.1
2025-06-01 23:00,61.88,51,1000.7
2025-06-01 23:30,60.98,53,1001.3
2025-06-02 00:00,59.36,56,1001.7
2025-06-02 00:30,58.64,58,1002.6
2025-06-02 01:00,61.16,55,1003.1
2025-06-02 01:30,61.7,55,1003.9
2025-06-02 02:00,61.88,57,1004.3
2025-06-02 02:30,61.88,56,1004.6
2025-06-02 03:00,61.7,56,1004.8
2025-06-02 03:30,61.34,56,1005.2
2025-06-02 04:30,60.26,57,1005.4
2025-06-02 05:00,59.54,58,1005.6
2025-06-02 05:30,58.82,59,1005.7
2025-06-02 06:00,58.1,60,1005.9
2025-06-02 06:30,57.2,61,1005.9
2025-06-02 07:00,56.48,61,1006
2025-06-02 07:30,55.76,62,1006.1
2025-06-02 08:00,55.04,62,1006.2
2025-06-02 08:30,54.5,63,1006.4
2025-06-02 09:00,53.96,64,1006.4
2025-06-02 09:30,53.42,64,1006.8
2025-06-02 10:30,52.34,65,1007.3
2025-06-02 11:00,51.98,66,1007.2
2025-06-02 11:30,51.98,67,1007.5
2025-06-02 12:00,52.16,67,1007.7
2025-06-02 12:30,52.88,69,1007.9
2025-06-02 13:00,52.88,70,1007.9
2025-06-03 18:00,75.92,56,956.9
2025-06-03 18:30,77.36,56,969.8
2025-06-03 19:00,78.8,55,969.3
2025-06-03 19:30,81.5,51,969
2025-06-03 20:00,83.3,50,968.9
2025-06-03 20:30,84.2,50,968.8
2025-06-03 21:00,85.28,53,968.6
2025-06-03 21:30,87.08,52,968.7
2025-06-03 22:30,91.22,49,968.6
2025-06-03 23:00,93.02,49,968.8
2025-06-03 23:30,94.28,48,969
2025-06-04 00:00,94.28,49,969.4
2025-06-04 00:30,93.56,50,969.6
2025-06-04 01:00,92.3,51,969.9
2025-06-04 01:30,90.86,52,969.9
2025-06-04 02:00,89.24,53,970.2
2025-06-04 02:30,87.8,53,970.6
2025-06-04 03:00,86.18,54,970.5
2025-06-04 03:30,84.74,55,970.6
2025-06-04 04:30,82.04,56,970.6
2025-06-04 05:00,80.78,56,970.5
2025-06-04 05:30,79.88,57,970.4
2025-06-04 06:00,78.98,58,970.4
2025-06-04 06:30,78.08,58,970.4
2025-06-04 07:00,77.18,59,970.3
2025-06-04 07:30,76.28,60,970.2
2025-06-04 08:00,75.56,60,970.4
2025-06-04 08:30,74.84,61,970.5
2025-06-04 09:00,74.12,62,970.6
2025-06-04 09:30,73.4,62,970.8
2025-06-04 10:00,72.68,63,971.2
2025-06-04 10:30,71.96,63,971.6
2025-06-04 11:00,71.24,64,971.9
2025-06-04 11:30,70.7,64,972
2025-06-04 12:00,70.16,65,972.2
2025-06-04 12:30,69.98,66,972.6
2025-06-04 13:00,69.62,66,972.9
2025-06-04 13:30,69.98,69,972.9
2025-06-04 14:00,70.88,71,972.8
2025-06-04 14:30,72.5,70,972.9
2025-06-04 15:00,74.48,68,972.7
2025-06-04 15:30,76.46,66,972.6
2025-06-04 16:00,78.62,64,972.2
2025-06-04 16:30,80.6,63,971.8
2025-06-04 17:00,82.4,55,971.7
2025-06-04 17:30,83.66,48,971.2
2025-06-04 18:00,83.66,49,970.8
2025-06-04 18:30,83.12,48,970.4
2025-06-04 19:00,82.4,49,970
2025-06-04 19:30,82.04,48,969.8
2025-06-04 20:00,81.68,49,969.6
2025-06-04 20:30,81.5,47,969.6
2025-06-04 21:00,81.5,48,969.4
2025-06-04 21:30,81.68,48,969.3
2025-06-04 22:30,82.04,47,969.1
2025-06-04 23:00,82.04,47,969.2
2025-06-04 23:30,81.68,47,969.2
2025-06-05 00:00,80.78,46,969.4
2025-06-05 00:30,79.7,46,969.5
2025-06-05 01:00,78.26,45,969.4
2025-06-05 01:30,76.82,45,969.6
2025-06-05 02:00,75.2,45,970
2025-06-05 02:30,73.76,47,970.1
2025-06-05 03:00,72.68,50,970.1
2025-06-05 03:30,71.96,54,969.8
2025-06-05 04:30,70.7,53,969.8
2025-06-05 05:00,69.98,53,969.4
2025-06-05 05:30,69.26,53,969
2025-06-05 06:00,68.54,54,968.8
2025-06-05 06:30,67.82,55,968.9
2025-06-05 07:00,67.28,56,968.8
2025-06-05 07:30,66.92,57,968.6
2025-06-05 08:00,66.56,61,968.6
2025-06-05 08:30,66.38,60,968.5
2025-06-05 09:00,66.2,62,968.5
2025-06-05 09:30,66.02,63,968.7
2025-06-05 10:00,66.02,67,969
2025-06-05 10:30,66.02,62,969.1
2025-06-05 11:00,66.02,67,969.2
2025-06-05 11:30,66.02,63,969.2
2025-06-05 12:00,66.02,65,969.2
2025-06-05 12:30,66.02,61,969.3
2025-06-05 13:00,66.2,63,969.2
2025-06-05 13:30,67.28,75,969.4
2025-06-05 14:00,69.26,70,969.1
2025-06-05 14:30,71.24,68,968.9
2025-06-05 15:00,73.04,71,968.5
2025-06-05 15:30,80.42,59,968.2
2025-06-05 16:00,80.24,61,967.9
2025-06-05 16:30,80.24,61,967.7
2025-06-05 17:00,80.24,62,967.6
2025-06-05 17:30,81.5,60,967.4
2025-06-05 18:00,79.88,65,967.2
2025-06-05 18:30,79.34,68,966.9
2025-06-05 19:00,82.58,58,966.5
2025-06-05 19:30,82.22,57,966.5
2025-06-05 20:00,80.96,64,966.4
2025-06-05 20:30,79.16,62,966.2
2025-06-05 21:00,79.7,60,965.9
2025-06-05 21:30,79.7,61,965.9
2025-06-05 22:00,80.42,60,965.8
2025-06-05 22:30,78.62,69,965.8
2025-06-05 23:00,76.64,74,965.7
2025-06-05 23:30,75.56,77,966
2025-06-06 00:00,75.02,78,966.1
2025-06-06 00:30,74.48,79,966.3
2025-06-06 01:00,73.04,83,966.3
2025-06-06 01:30,70.88,86,966.5
2025-06-06 02:00,71.06,84,966.6
2025-06-06 02:30,70.52,83,966.9
2025-06-06 03:00,69.98,83,966.9
2025-06-06 03:30,69.08,84,966.7
2025-06-06 04:30,68.72,85,966.8
2025-06-06 05:00,67.82,88,966.6
2025-06-06 05:30,67.1,88,966.4
2025-06-06 06:00,66.56,90,966.5
2025-06-06 06:30,66.2,91,966.4
2025-06-06 07:00,65.84,91,966.4
2025-06-06 07:30,65.48,92,966.5
2025-06-06 08:00,65.3,92,966.4
2025-06-06 08:30,65.12,92,966.3
2025-06-06 09:00,64.58,93,966.3
2025-06-06 09:30,64.22,94,966.5
2025-06-06 10:00,64.22,93,966.8
2025-06-06 10:30,64.04,93,967.1
2025-06-06 11:00,64.4,93,967.4
2025-06-06 11:30,64.76,93,962.8
2025-06-06 12:00,66.2,91,962.8
2025-06-06 12:30,67.46,89,962.7
2025-06-06 13:00,71.42,81,962.8
2025-06-06 13:30,74.84,76,962.6
2025-06-06 14:00,76.82,71,962.8
2025-06-06 14:30,77.72,71,962.6
2025-06-06 15:00,79.7,68,962.3
2025-06-06 15:30,80.6,67,962.2
2025-06-06 16:00,82.22,64,962
2025-06-06 16:30,82.76,63,961.7
2025-06-06 17:00,83.3,62,961.3
2025-06-06 17:30,83.48,62,961.1
2025-06-06 18:00,85.28,58,960.6
2025-06-06 18:30,85.1,60,960.3
2025-06-06 19:00,85.1,58,960
2025-06-06 19:30,85.1,60,959.7
2025-06-06 20:00,85.82,60,959.7
2025-06-06 20:30,79.34,84,959.5
2025-06-06 21:00,80.42,76,959.2
2025-06-06 21:30,79.16,72,959.1
2025-06-06 22:00,80.06,78,959.1
2025-06-06 22:30,77.9,78,959.2
2025-06-06 23:00,75.74,76,959.5
2025-06-06 23:30,73.58,85,960
2025-06-07 00:00,72.32,87,960.2
2025-06-07 00:30,70.88,91,960.3
2025-06-07 01:00,69.8,93,960.2
2025-06-07 01:30,70.16,93,960.5
2025-06-07 02:00,70.52,92,960.4
2025-06-07 02:30,70.52,92,960.4
2025-06-07 03:00,69.98,92,960.2
2025-06-07 03:30,69.62,90,960.2
2025-06-07 04:30,68.18,93,959.7
2025-06-07 05:00,67.46,94,958.9
2025-06-07 05:30,67.1,94,958.8
2025-06-07 06:00,66.56,94,958.6
2025-06-07 06:30,66.2,94,958.5
2025-06-07 07:00,65.84,95,958.4
2025-06-07 07:30,65.48,95,958
2025-06-07 08:00,65.84,95,958
2025-06-07 08:30,66.38,95,957.6
2025-06-07 09:00,66.38,95,957.6
2025-06-07 09:30,66.74,95,957.9
2025-06-07 10:00,66.92,95,957.7
2025-06-07 10:30,67.1,95,957.7
2025-06-07 11:00,67.1,93,957.9
2025-06-07 11:30,67.1,93,957.7
2025-06-07 12:00,67.82,92,957.9
2025-06-07 12:30,68.18,91,957.4
2025-06-07 13:00,68.9,92,957.5
2025-06-07 13:30,69.98,91,957.6
2025-06-07 14:00,69.98,92,957.6
2025-06-07 14:30,69.62,94,957.6
2025-06-07 15:00,70.7,91,957.5
2025-06-07 15:30,73.04,88,957.1
2025-06-07 16:00,75.2,81,957.2
2025-06-07 16:30,74.84,82,957.2
2025-06-07 17:00,77.36,74,956.9
2025-06-07 17:30,79.88,69,956.9
2025-06-07 18:00,80.42,67,956.8
2025-06-07 18:30,79.7,69,956.8
2025-06-07 19:00,80.42,68,956.7
2025-06-07 19:30,78.62,70,956.6
2025-06-07 20:00,80.96,68,956.2
2025-06-07 20:30,82.76,64,955.9
2025-06-07 21:00,83.12,63,955.5
2025-06-07 21:30,82.22,63,955.7
2025-06-07 22:00,81.68,65,955.6
2025-06-07 22:30,81.5,66,955.5
2025-06-07 23:00,80.78,68,955.7
2025-06-07 23:30,77.36,77,956.1
2025-06-08 00:00,73.22,88,956.3
2025-06-08 00:30,73.58,83,956.1
2025-06-08 01:00,70.7,88,956.4
2025-06-08 01:30,69.8,84,956.1
2025-06-08 02:00,67.82,87,956
2025-06-08 02:30,66.38,94,956.3
2025-06-08 03:00,66.38,95,956.5
2025-06-08 03:30,66.56,95,956.4
2025-06-08 04:00,66.38,95,956.5
2025-06-08 04:30,66.02,96,956.5
2025-06-08 05:00,65.66,96,956.4
2025-06-08 05:30,65.48,96,956.3
2025-06-08 06:00,65.66,96,956.2
2025-06-08 06:30,66.38,97,956
2025-06-08 07:00,65.84,97,955.5
2025-06-08 07:30,65.84,97,955.3
2025-06-08 08:00,66.02,97,955
2025-06-08 08:30,65.84,97,954.8
2025-06-08 09:00,65.84,97,954.6
2025-06-08 09:30,65.84,96,954.5
2025-06-08 10:00,65.84,96,954.6
2025-06-08 10:30,66.02,96,954.8
2025-06-08 11:00,66.2,96,954.7
2025-06-08 11:30,66.38,96,954.1
2025-06-08 12:00,67.1,95,954.3
2025-06-08 12:30,67.64,94,954.1
2025-06-08 13:00,68.9,91,954.3
2025-06-08 13:30,70.16,89,954.4
2025-06-08 14:00,70.7,88,954.3
2025-06-08 14:30,71.78,85,954.3
2025-06-08 15:00,75.2,78,954.6
2025-06-08 15:30,78.08,71,954.4
2025-06-08 16:00,79.88,68,954.1
2025-06-08 16:30,80.24,65,954
2025-06-08 17:00,80.96,63,953.6
2025-06-08 17:30,82.22,58,953.4
2025-06-08 18:00,83.12,56,953.4
2025-06-08 18:30,82.76,58,952.9
2025-06-08 19:00,83.3,57,953
2025-06-08 19:30,82.22,59,952.5
2025-06-08 20:00,83.12,58,952.3
2025-06-08 20:30,83.66,56,952.4
2025-06-08 21:00,82.58,60,952.5
2025-06-08 21:30,82.22,59,952.5
2025-06-08 22:00,79.34,68,952.9
2025-06-08 22:30,78.62,69,953.3
2025-06-08 23:00,76.64,70,953.7
2025-06-08 23:30,75.74,67,954
2025-06-09 00:00,74.84,70,954.3
2025-06-09 00:30,74.84,71,954.7
2025-06-09 01:00,73.4,75,955.5
2025-06-19 17:00,88.88,64,1002.7
2025-06-19 17:30,89.96,62,1002.4
2025-06-19 18:00,88.7,64,1001.7
2025-06-19 18:30,89.24,61,1001.2
2025-06-19 19:00,89.96,61,1000.7
2025-06-19 19:30,91.04,58,1000.6
2025-06-19 20:00,89.78,62,1000.1
2025-06-19 20:30,90.86,60,999.8
2025-06-19 21:00,90.5,60,999.8
2025-06-19 21:30,90.68,60,999.8
2025-06-20 11:00,65.48,95,1006.6
2025-06-20 11:30,67.46,89,1006.9
2025-06-20 12:00,71.42,80,1007.1
2025-06-20 12:30,74.48,72,1007.4
2025-06-20 13:00,76.64,65,1007.8
2025-06-20 13:30,77.72,62,1008
2025-06-20 14:00,80.96,57,1008.1
2025-06-20 14:30,82.22,55,1008
2025-06-20 15:00,82.04,54,1008.1
2025-06-20 15:30,82.94,54,1008.3
2025-06-20 16:00,84.38,52,1008.2
2025-06-20 16:30,82.76,56,1008
2025-06-20 17:00,81.14,55,1007.7
2025-06-20 17:30,84.56,54,1007.7
2025-06-20 18:00,86.18,51,1008
2025-06-20 18:30,86.18,54,1007.5
2025-06-20 19:00,82.76,55,1007.4
2025-06-20 19:30,84.56,50,1007.4
2025-06-20 20:00,87.44,51,1007.4
2025-06-20 20:30,85.1,52,1007.4
2025-06-20 21:00,87.98,48,1007.4
2025-06-20 21:30,85.1,52,1007.3
2025-06-20 22:30,83.3,57,1007.4
2025-06-20 23:00,83.48,59,1007.5
2025-06-20 23:30,82.94,61,1007.7
2025-06-21 00:00,80.42,69,1007.9
2025-06-21 00:30,78.08,76,1008
2025-06-21 01:00,76.1,81,1008.2
2025-06-21 01:30,74.12,84,1008.4
2025-06-21 02:00,73.58,84,1008.5
2025-06-21 02:30,73.4,85,1008.9
2025-06-21 03:00,72.32,87,1008.8
2025-06-21 03:30,71.06,88,1008.9
2025-06-21 04:30,70.34,87,1009
2025-06-21 05:00,70.88,85,1009
2025-06-21 05:30,70.16,84,1009.1
2025-06-21 06:00,69.44,87,1009.1
2025-06-21 06:30,68.9,89,1009.2
2025-06-21 07:00,68.72,87,1009.1
2025-06-21 07:30,67.64,89,1009.1
2025-06-21 08:00,67.82,89,1009.1
2025-06-21 08:30,67.28,90,1009.2
2025-06-21 09:00,66.92,90,1009.3
2025-06-21 09:30,66.56,91,1009.4
2025-06-21 10:30,65.12,93,1010.1
2025-06-21 11:00,66.56,92,1010.3
2025-06-21 11:30,68.72,89,1010.5
2025-06-21 12:00,71.78,83,1010.6
2025-06-21 12:30,76.1,76,1010.9
2025-06-21 13:00,78.08,72,1010.8
2025-06-21 13:30,80.24,67,1010.9
2025-06-21 14:00,80.6,68,1011.2
2025-06-21 14:30,86.54,59,1011.1
2025-06-21 15:00,84.2,61,1011
2025-06-21 15:30,86.54,61,1010.9
2025-06-21 16:30,86.9,55,1010.6
2025-06-21 17:00,87.08,55,1010.3
2025-06-21 17:30,87.62,55,1010.2
2025-06-21 18:00,87.62,56,1010.3
2025-06-21 18:30,87.26,54,1010
2025-06-21 19:00,87.98,55,1009.9
2025-06-21 19:30,87.98,56,1009.8
2025-06-21 20:00,87.62,58,1009.8
2025-06-21 20:30,87.98,56,1009.4
2025-06-21 21:00,87.8,58,1009.2
2025-06-21 21:30,87.8,58,1009.1
2025-06-21 22:30,87.08,58,1009.2
2025-06-21 23:00,86.18,60,1009.4
2025-06-21 23:30,84.92,63,1009.7
2025-06-22 00:00,84.2,65,1009.7
2025-06-22 00:30,82.58,69,1010
2025-06-22 01:00,80.6,75,1010.1
2025-06-22 01:30,77.9,83,1010.7
2025-06-22 02:00,78.8,78,1010.9
2025-06-22 02:30,78.44,77,1011.1
2025-06-22 03:00,77.36,79,1011.1
2025-06-22 03:30,76.64,80,1011.2
2025-06-22 04:30,75.92,81,1011.1
2025-06-22 05:00,74.48,84,1011
2025-06-22 05:30,73.58,85,1010.9
2025-06-22 06:00,73.22,86,1010.7
2025-06-22 06:30,73.22,86,1010.7
2025-06-22 07:00,73.04,86,1010.6
2025-06-22 07:30,72.68,88,1010.5
2025-06-22 08:00,72.32,89,1010.4
2025-06-22 08:30,72.32,89,1010.7
2025-06-22 09:00,71.6,91,1010.8
2025-06-22 09:30,70.52,92,1010.9
2025-06-22 10:00,69.8,99,1011
2025-06-22 10:30,69.62,99,1011.3
2025-06-22 11:00,70.88,99,1011.5
2025-06-22 11:30,72.86,100,1011.6
2025-06-22 12:00,78.08,91,1011.6
2025-06-22 12:30,79.52,89,1011.6
2025-06-22 13:00,83.48,82,1011.5
2025-06-22 13:30,86.72,75,1011.6
2025-06-22 14:00,85.46,77,1011.4
2025-06-22 14:30,89.06,68,1011
2025-06-22 15:00,90.5,65,1010.9
2025-06-22 15:30,88.52,68,1010.9
2025-06-22 16:30,90.68,64,1011.1
2025-06-22 17:00,90.14,67,1011.1
2025-06-22 17:30,93.02,65,1011
2025-06-22 18:00,94.46,62,1010.3
2025-06-22 18:30,90.86,66,1010.2
2025-06-22 19:00,91.22,65,1010
2025-06-22 19:30,91.4,66,1010
2025-06-22 20:00,93.56,61,1010
2025-06-22 20:30,93.02,64,1009.8
2025-06-22 21:00,92.48,66,1009.5
2025-06-22 21:30,92.3,65,1009.4
2025-06-22 22:30,89.78,74,1009.2
2025-06-22 23:00,88.88,75,1009.4
2025-06-22 23:30,88.88,75,1009.4
2025-06-25 16:30,87.08,75,986.9
2025-06-25 17:00,86.18,78,986.7
2025-06-25 17:30,87.26,78,986.3
2025-06-25 18:00,86.54,80,986
2025-06-25 18:30,85.46,83,985.6
2025-06-25 19:00,87.44,82,985.1
2025-06-25 19:30,87.08,79,985
2025-06-25 20:00,88.34,74,984.7
2025-06-25 20:30,87.08,77,984.7
2025-06-25 21:00,85.82,81,984.4
2025-06-25 21:30,84.2,75,985.2
2025-06-25 22:30,79.16,78,984.3
2025-06-25 23:00,77,87,985.4
2025-06-25 23:30,76.1,95,984.8
2025-06-26 00:00,76.1,95,984.3
2025-06-26 00:30,76.82,94,984.3
2025-06-26 01:00,76.1,97,984.5
2025-06-26 01:30,74.84,99,984.7
2025-06-26 02:00,75.38,99,984.7
2025-06-26 02:30,75.56,99,984.7
2025-06-26 03:00,75.02,97,984.6
2025-06-26 03:30,75.2,98,984.6
2025-06-26 04:30,75.02,97,984.6
2025-06-26 05:00,74.12,99,984.5
2025-06-26 05:30,74.3,98,984.1
2025-06-26 06:00,74.3,98,984.3
2025-06-26 06:30,74.3,98,984.2
2025-06-26 07:00,74.12,98,984.2
2025-06-26 07:30,73.94,98,984
2025-06-26 08:00,73.76,98,983.7
2025-06-26 08:30,73.58,98,983.5
2025-06-26 09:00,73.58,98,983.3
2025-06-26 09:30,73.4,98,983
2025-06-26 10:00,73.4,98,982.9
2025-06-26 10:30,73.22,99,983.1
2025-06-26 11:00,74.12,97,983.2
2025-06-26 11:30,75.38,96,983.4
2025-06-26 12:00,76.64,94,983.7
2025-06-26 12:30,77.18,94,983.8
2025-06-26 13:00,77.72,94,984
2025-06-26 13:30,79.52,92,984.1
2025-06-26 14:00,80.78,88,984
2025-06-26 14:30,82.04,86,983.9
2025-06-26 15:00,82.76,85,983.9
2025-06-26 15:30,84.74,82,983.9
2025-06-26 16:00,86,80,983.7
2025-06-26 16:30,86.9,76,983.6
2025-06-26 17:00,87.26,76,983.3
2025-06-26 17:30,88.34,73,982.9
2025-06-26 18:00,89.06,73,982.4
2025-06-26 18:30,90.14,71,982
2025-06-26 19:00,89.96,70,981.9
2025-06-26 19:30,82.22,86,983.3
2025-06-26 20:00,75.2,97,983.2
2025-06-26 20:30,73.4,98,982.8
2025-06-26 21:00,73.76,99,982.4
2025-06-26 21:30,75.2,97,981.9
2025-06-26 22:00,75.38,98,981.7
2025-06-26 22:30,75.92,97,982.6
2025-06-26 23:00,76.82,93,982.8
2025-06-26 23:30,77,93,982.9
2025-06-27 00:00,77,95,982.4
2025-06-27 00:30,76.82,96,982.2
2025-06-27 01:00,76.46,96,982
2025-06-27 01:30,76.28,94,982.3
2025-06-27 02:00,76.28,93,982.5
2025-06-27 02:30,75.74,91,982.7
2025-06-27 03:00,75.56,92,982.8
2025-06-27 03:30,74.48,93,982.7
2025-06-27 04:30,74.66,97,984.7
2025-06-27 05:00,75.02,98,984.8
2025-06-27 05:30,74.48,98,984.6
2025-06-27 06:00,74.48,99,984.6
2025-06-27 06:30,74.3,99,984.7
2025-06-27 07:00,73.94,99,984.8
2025-06-27 07:30,73.4,99,984.7
2025-06-27 08:00,74.3,98,984.5
2025-06-27 08:30,74.3,97,984.5
2025-06-27 09:00,74.3,97,984.3
2025-06-27 09:30,74.12,98,984.4
2025-06-27 10:00,73.94,98,984.5
2025-06-27 10:30,73.94,97,984.6
2025-06-27 11:00,74.66,95,984
2025-06-27 11:30,75.74,93,983.8
2025-06-27 12:00,77,91,984.1
2025-06-27 12:30,77.9,89,984.4
2025-06-27 13:00,77.9,89,984.5
2025-06-27 13:30,78.98,88,984.4
2025-06-27 14:00,80.78,86,984.1
2025-06-27 14:30,81.32,87,984.3
2025-06-27 15:00,80.96,88,984.5
2025-06-27 15:30,80.78,88,984.6
2025-06-27 16:00,80.42,88,984.5
2025-06-27 16:30,83.12,84,983.9
2025-06-27 17:00,84.92,80,983.4
2025-06-27 17:30,86.9,82,983.6
2025-06-27 18:00,87.62,79,983.3
2025-06-27 18:30,88.88,77,982.5
2025-06-27 19:00,91.04,68,982.8
2025-06-27 19:30,91.22,68,982.1
2025-06-27 20:00,91.04,68,981.6
2025-06-27 20:30,91.58,66,981.1
2025-06-27 21:00,91.76,66,981.2
2025-06-27 21:30,91.4,66,980.9
2025-06-27 22:00,90.68,66,980.8
2025-06-27 22:30,90.68,66,980.6
2025-06-27 23:00,90.68,68,980.7
2025-06-27 23:30,90.5,68,980.3
2025-06-28 00:00,89.42,69,980.6
2025-06-28 00:30,88.52,70,981.1
2025-06-28 01:00,87.08,73,981.5
2025-06-28 01:30,86,74,981.6
2025-06-28 02:00,80.42,78,982.3
2025-06-28 02:30,76.82,88,982.3
2025-06-28 03:00,76.64,89,982.3
2025-06-28 03:30,79.52,87,982.4
2025-06-28 04:00,79.7,86,982.7
2025-06-28 04:30,79.34,87,983
2025-06-28 05:00,78.62,87,983.1
2025-06-28 05:30,78.08,87,983.2
2025-06-28 06:00,77.72,87,983
2025-06-28 06:30,77,87,982.8
2025-06-28 07:00,76.46,88,982.8
2025-06-28 07:30,75.92,90,982.8
2025-06-28 08:00,75.56,91,982.7
2025-06-28 08:30,75.38,92,982.7
2025-06-28 09:00,75.2,92,982.8
2025-06-28 09:30,75.02,92,983
2025-06-28 10:00,75.02,93,983.2
2025-06-28 10:30,75.2,93,983.5
2025-06-28 11:00,75.02,94,983.5
2025-06-28 11:30,75.56,94,984.1
2025-06-28 12:00,76.1,94,984.2
2025-06-28 12:30,75.38,95,984.6
2025-06-28 13:00,75.2,96,985
2025-06-28 13:30,75.92,93,985.1
2025-06-28 14:00,77,90,985
2025-06-28 14:30,77.54,88,984.8
2025-06-28 15:00,78.26,85,984.7
2025-06-28 15:30,80.06,81,984.5
2025-06-28 16:00,80.78,80,984.4
2025-06-28 16:30,82.04,71,984.4
2025-06-28 17:00,82.22,71,984.3
2025-06-28 17:30,83.84,68,984.1
2025-06-28 18:00,83.84,65,984
2025-06-28 18:30,84.38,63,983.9
2025-06-28 19:00,85.28,60,983.6
2025-06-28 20:00,86.36,56,983.1
2025-06-28 20:30,83.66,72,983.4
2025-06-28 21:00,84.38,68,983.2
2025-06-28 21:30,83.66,67,983.1
2025-06-28 22:30,85.1,61,983.3
2025-06-28 23:00,85.1,61,983.4
2025-06-28 23:30,84.38,60,983.5
2025-06-29 00:00,83.84,61,983.9
2025-06-29 00:30,82.04,64,984.1
2025-06-29 01:00,80.6,67,984
2025-06-29 01:30,78.98,69,984.2
2025-06-29 02:00,78.08,70,984.4
2025-06-29 02:30,76.28,75,984.8
2025-06-29 03:00,74.66,81,984.9
2025-06-29 03:30,74.12,83,985
2025-06-29 04:30,72.86,86,984.7
2025-06-29 05:00,72.14,87,984.6
2025-06-29 05:30,72.14,85,984.5
2025-06-29 06:00,71.42,86,984.4
2025-06-29 06:30,70.52,90,984.2
2025-06-29 07:00,69.62,92,984.3
2025-06-29 07:30,69.26,94,984.6
2025-06-29 08:00,68.18,96,984.6
2025-06-29 08:30,68.36,97,984.7
2025-06-29 09:00,67.82,98,984.8
2025-06-29 09:30,68,98,985
2025-06-29 10:30,68.18,96,985.4
2025-06-29 11:00,69.08,94,985.7
2025-06-29 11:30,69.62,94,985.6
2025-06-29 12:00,72.14,88,985.7
2025-06-29 12:30,73.76,85,985.7
2025-06-29 13:00,75.74,82,985.6
2025-06-29 13:30,77.54,76,985.1
2025-06-29 14:00,78.98,72,984.9
2025-06-29 14:30,80.24,69,984.8
2025-06-29 15:00,82.22,64,985.2
2025-06-29 15:30,83.48,60,985.3
2025-06-29 16:00,82.58,63,985.4
2025-06-29 16:30,83.66,58,985.2
2025-06-29 17:00,83.48,60,985.1
2025-06-29 17:30,83.12,61,985
2025-06-29 18:00,85.1,57,984.7
2025-06-29 18:30,86.18,55,984.5
2025-06-29 19:00,87.44,52,984.2
2025-06-29 19:30,86,54,984.1
2025-06-29 20:00,84.92,68,983.9
2025-06-29 20:30,86.18,64,983.5
2025-06-29 21:00,86,64,983.4
2025-06-29 21:30,86.72,63,982.9
2025-06-29 22:30,85.64,58,983
2025-07-03 18:00,73.04,47,973.2
2025-07-03 18:30,73.04,48,1003.1
2025-07-03 19:00,71.24,49,1003.2
2025-07-03 19:30,70.88,49,1003.2
2025-07-17 13:00,75.92,50,998.5
2025-07-17 13:30,75.38,51,998.8
2025-07-17 14:00,74.66,51,999
2025-07-17 14:30,73.94,52,999.2
2025-07-17 15:00,73.22,52,999.5
2025-07-17 15:30,73.04,53,999.8
2025-07-17 16:00,73.04,53,999.9
2025-07-17 16:30,73.04,53,1000
2025-07-17 17:00,73.04,53,1000
2025-07-17 17:30,73.04,53,999.9
2025-07-17 18:00,73.22,53,999.9
2025-07-17 18:30,73.58,54,999.8
2025-07-17 19:00,72.32,58,999.8
2025-07-17 19:30,72.86,56,999.9
2025-07-17 20:00,73.76,56,999.7
2025-07-17 20:30,74.12,54,999.8
2025-07-24 22:00,74.66,57,1010.6
2025-07-24 22:30,75.56,56,1010.4
2025-07-24 23:00,76.46,55,1010.2
2025-07-24 23:30,75.74,56,1010
2025-07-25 00:00,74.84,57,1010
2025-07-25 00:30,73.76,58,1010.1
2025-07-25 01:30,69.62,64,1009.8
2025-07-25 02:00,66.74,69,1009.8
2025-07-25 02:30,64.4,74,1010.3
2025-07-25 03:00,61.16,80,1010.2
2025-07-25 03:30,58.82,85,1010.1
2025-07-25 04:00,57.38,90,1010.3
2025-07-25 04:30,57.56,92,1010.4
2025-07-25 05:00,57.56,92,1011
2025-07-25 05:30,57.2,92,1010.7
2025-07-25 06:00,56.48,92,1011
2025-07-25 06:30,55.94,94,1011.2
2025-07-25 07:30,56.66,95,1011.3
2025-07-25 08:00,57.02,94,1011.2
2025-07-25 08:30,57.38,93,1011.4
2025-07-25 09:00,56.84,93,1011.1
2025-07-25 09:30,56.84,94,1010.8
2025-07-25 10:00,56.66,93,1010.5
2025-07-25 10:30,56.48,95,1010.2
2025-07-25 11:00,56.12,97,1009.9
2025-07-25 11:30,55.94,95,1010
2025-07-25 12:00,55.76,98,1010
2025-07-25 12:30,55.76,98,1009.8
2025-07-25 13:30,55.94,97,1009.8
2025-07-25 14:00,56.12,95,1009.9
2025-07-25 14:30,56.84,93,1010
2025-07-25 15:00,57.2,92,1010.2
2025-07-25 15:30,58.46,88,1010
2025-07-25 16:00,59.54,86,1009.9
2025-07-25 16:30,60.08,85,1009.9
2025-07-25 17:00,60.26,85,1009.9
2025-07-25 17:30,61.88,82,1009.8
2025-07-25 18:00,63.5,78,1009.6
2025-07-25 18:30,66.02,75,1009.5
2025-07-25 19:30,68.54,70,1009.3
2025-07-25 20:00,69.44,68,1009.1
2025-07-25 20:30,69.98,68,1008.8
2025-07-25 21:00,71.42,65,1008.5
2025-07-25 21:30,71.42,65,1008.2
2025-07-25 22:00,72.32,63,1007.8
2025-07-25 22:30,71.24,65,1007.7
2025-07-25 23:00,70.34,67,1007.7
2025-07-25 23:30,69.44,68,1007.5
2025-07-26 00:00,68.18,71,1007.5
2025-07-26 00:30,66.2,74,1007.6
2025-07-26 01:30,63.14,78,1007.7
2025-07-26 02:00,61.88,81,1007.6
2025-07-26 02:30,59.72,85,1007.9
2025-07-26 03:00,59.36,87,1008.1
2025-07-26 03:30,58.82,89,1008
2025-07-26 04:00,58.64,90,1008
2025-07-26 04:30,58.28,91,1008
2025-07-26 05:00,57.92,91,1008.3
2025-07-26 05:30,57.38,93,1008.4
2025-07-26 06:00,57.38,93,1008.5
2025-07-26 06:30,57.38,94,1014.1
2025-07-26 07:30,57.2,93,1013.9
2025-07-26 08:00,57.2,92,1013.9
2025-07-26 08:30,57.02,93,1013.9
2025-07-26 09:00,56.84,93,1013.9
2025-07-26 09:30,56.84,93,1013.7
2025-07-26 10:00,56.84,92,1013.5
2025-07-26 10:30,57.02,90,1013.4
2025-07-26 11:00,57.02,90,1013.5
2025-07-26 11:30,57.02,91,1013.2
2025-07-26 12:00,57.02,92,1013.3
2025-07-26 12:30,56.84,93,1013.5
2025-07-26 13:30,57.02,94,1013.4
2025-07-26 14:00,56.66,94,1013.3
2025-07-26 14:30,57.2,93,1013.6
2025-07-26 15:00,57.92,90,1013.7
2025-07-26 15:30,58.46,89,1013.8
2025-07-26 16:00,59.36,86,1014
2025-07-26 16:30,60.08,85,1014.1
2025-07-26 17:00,60.44,84,1014.2
2025-07-26 17:30,61.34,82,1014.2
2025-07-26 18:00,62.6,80,1014.2
2025-07-26 18:30,63.68,78,1014.3
2025-07-26 19:30,67.64,71,1014
2025-07-26 20:00,68.36,68,1014
2025-07-26 20:30,69.62,66,1013.5
2025-07-26 21:00,71.6,61,1013.1
2025-07-26 21:30,72.5,62,1013
2025-07-26 22:00,73.4,58,1012.7
2025-07-26 22:30,74.3,59,1012.6
2025-07-26 23:00,73.58,60,1012.5
2025-07-26 23:30,72.5,61,1012.4
2025-07-27 00:00,69.26,66,1012.6
2025-07-27 00:30,66.74,71,1012.7
2025-07-27 01:30,63.68,76,1012.8
2025-07-27 02:00,61.88,81,1012.9
2025-07-27 02:30,60.08,86,1013.1
2025-07-27 03:00,59.9,85,1013.2
2025-07-27 03:30,59.18,88,1013.2
2025-07-27 04:00,58.28,91,1013.2
2025-07-27 04:30,57.74,91,1013.7
2025-07-27 05:00,57.92,91,1013.9
2025-07-27 05:30,57.74,91,1014
2025-07-27 06:00,57.2,93,1013.9
2025-07-27 06:30,57.02,93,1013.8
2025-07-27 07:30,56.66,94,1013.8
2025-07-27 08:00,56.66,94,1013.7
2025-07-27 08:30,56.48,95,1013.7
2025-07-27 09:00,56.3,96,1013.6
2025-07-27 09:30,56.12,95,1013.6
2025-07-27 10:00,55.94,97,1013.5
2025-07-27 10:30,56.12,97,1013.4
2025-07-27 11:00,56.3,97,1013.3
2025-07-27 11:30,56.3,98,1013.5
2025-07-27 12:00,55.76,99,1013.6
2025-07-27 12:30,55.94,98,1013.6
2025-07-27 13:30,55.76,99,1013.7
2025-07-27 14:00,55.94,99,1013.8
2025-07-27 14:30,56.3,98,1014
2025-07-27 15:00,56.84,96,1014.2
2025-07-27 15:30,57.56,93,1014.3
2025-07-27 16:00,58.1,92,1014.6
2025-07-27 16:30,58.46,90,1014.6
2025-07-27 17:00,60.26,87,1014.6
2025-07-27 17:30,61.16,85,1014.6
2025-07-27 18:00,62.6,82,1014.8
2025-07-27 18:30,63.86,78,1014.8
2025-07-27 19:30,66.92,74,1014.5
2025-07-27 20:00,69.98,69,1014.3
2025-07-27 20:30,71.24,66,1014.2
2025-07-27 21:00,71.96,67,1014
2025-07-27 21:30,71.96,65,1013.9
2025-07-27 22:00,72.86,62,1013.9
2025-07-27 22:30,73.58,61,1013.5
2025-07-27 23:00,74.3,59,1013.4
2025-07-27 23:30,71.78,63,1013.3
2025-07-28 00:00,71.78,63,1013.3
2025-08-13 22:00,79.88,58,975.5
2025-08-13 22:30,80.24,57,973.3
2025-08-14 11:30,67.82,77,970.7
2025-08-14 12:00,68,77,971
2025-08-14 12:30,69.26,75,970.9
2025-08-14 13:30,72.32,71,970.3
2025-08-14 14:00,71.06,77,970.4
2025-08-14 14:30,72.5,71,970.5
2025-08-14 15:00,73.58,70,970.4
2025-08-14 15:30,74.48,70,970.6
2025-08-14 16:00,74.3,70,970.5
2025-08-14 16:30,74.84,71,970.4
2025-08-14 17:00,75.38,71,970.5
2025-08-14 17:30,77.54,70,970.1
2025-08-14 18:00,78.08,70,970
2025-08-14 18:30,78.62,69,970.2
2025-08-14 19:30,80.78,68,969.8
2025-08-14 20:00,80.06,68,970
2025-08-14 20:30,79.16,69,969.9
2025-08-14 21:00,79.88,68,969.7
2025-08-14 21:30,78.62,70,970.1
2025-08-14 22:00,78.62,70,969.5
2025-08-14 22:30,79.7,69,968.9
2025-08-14 23:00,79.34,68,968.9
2025-08-14 23:30,78.62,69,969.2
2025-08-15 11:30,70.88,90,971.7
2025-08-15 12:00,70.88,90,971.4
2025-08-15 12:30,71.42,89,971.2
2025-08-15 13:00,71.78,88,972
2025-08-15 13:30,71.78,88,972.4
2025-08-15 14:00,72.32,88,972.7
2025-08-15 14:30,72.5,88,972.9
2025-08-15 15:00,72.5,90,973
2025-08-15 15:30,72.86,90,973
2025-08-15 16:00,72.68,91,973.7
2025-08-15 16:30,74.66,87,972.4
2025-08-15 17:00,76.46,86,972.3
2025-08-15 17:30,76.46,85,972.2
2025-08-15 18:00,74.48,87,972.5
2025-08-15 18:30,75.74,85,973.1
2025-08-15 19:30,77.9,80,973
2025-08-15 20:00,83.3,72,972.9
2025-08-15 20:30,82.76,71,973.1
2025-08-15 21:00,82.4,71,973
2025-08-15 21:30,83.3,69,973
2025-08-15 22:00,86.9,59,972.8
2025-08-15 22:30,85.1,60,972.2
2025-08-15 23:00,83.48,62,972.4
2025-08-15 23:30,83.48,66,972.5
2025-08-16 00:00,84.92,65,972.7
2025-08-16 00:30,84.92,71,973.3
2025-08-16 01:30,80.42,78,973.7
2025-08-16 02:00,77,84,974.1
2025-08-16 02:30,77,80,974.5
2025-08-16 03:00,77,76,974.6
2025-08-16 03:30,77.18,78,974.7
2025-08-16 04:00,76.1,81,974.9
2025-08-16 04:30,75.56,81,974.9
2025-08-16 05:00,74.84,74,974.3
2025-08-16 05:30,74.48,68,974.2
2025-08-16 06:00,73.4,69,974.3
2025-08-16 06:30,73.22,70,974.5
2025-08-16 07:30,72.14,74,974.7
2025-08-16 08:00,71.78,74,973.9
2025-08-16 08:30,72.32,70,973.9
2025-08-16 09:00,72.5,70,973.8
2025-08-16 09:30,72.14,71,973.9
2025-08-16 10:00,71.42,72,972.4
2025-08-16 10:30,70.88,72,972.5
2025-08-16 11:00,71.24,69,973.5
2025-08-16 11:30,71.6,68,974.1
2025-08-16 12:00,70.88,69,973.9
2025-08-16 12:30,68.9,82,973.3
2025-08-16 13:30,64.94,85,973.4
2025-08-16 14:00,64.4,85,973.2
2025-08-16 14:30,64.22,86,972.7
2025-08-16 15:00,64.22,88,972.5
2025-08-16 15:30,64.94,88,972.8
2025-08-16 16:00,64.94,87,972.6
2025-08-16 16:30,65.3,87,972.9
2025-08-16 17:00,65.66,87,972.6
2025-08-16 17:30,66.38,86,973.2
2025-08-16 18:00,67.82,83,973.6
2025-08-16 18:30,69.08,81,974.3
2025-08-16 19:30,74.12,74,975.3
2025-08-16 20:00,71.6,79,975.8
2025-08-16 20:30,71.06,79,975.5
2025-08-16 21:00,70.88,80,975.5
2025-08-16 21:30,71.24,80,975.4
2025-08-16 22:00,71.42,79,975.3
2025-08-16 22:30,72.14,78,975.3
2025-08-16 23:00,71.96,78,975.3
2025-08-16 23:30,71.78,80,975.5
2025-08-17 00:00,71.24,78,975.7
2025-08-17 00:30,70.7,80,976
2025-08-17 01:30,70.88,79,976.4
2025-08-17 02:00,69.98,80,976.7
2025-08-17 02:30,69.08,81,977
2025-08-17 03:00,68.9,81,977.2
2025-08-17 03:30,67.82,83,977.2
2025-08-17 04:00,67.28,83,977.1
2025-08-17 04:30,67.1,82,977.1
2025-08-17 05:00,66.02,83,977
2025-08-17 05:30,65.3,82,977.2
2025-08-17 06:00,64.58,81,976.9
2025-08-17 06:30,63.86,80,976.7
2025-08-17 07:30,62.96,84,976.5
2025-08-17 08:00,62.78,83,977.1
2025-08-17 08:30,62.78,84,977.2
2025-08-17 09:00,62.78,84,977.1
2025-08-17 09:30,63.14,83,976.8
2025-08-17 10:00,62.78,81,976.5
2025-08-17 10:30,62.42,82,976.6
2025-08-17 11:00,62.96,78,977.4
2025-08-17 11:30,64.4,73,977.4
2025-08-17 12:00,64.58,74,977.6
2025-08-17 12:30,64.58,76,977.1
2025-08-17 13:30,64.94,76,977.3
2025-08-17 14:00,64.94,77,977.5
2025-08-17 14:30,65.12,78,977.3
2025-08-17 15:00,65.12,78,977.7
2025-08-17 15:30,66.2,77,977.8
2025-08-17 16:00,66.56,77,978.4
2025-08-17 16:30,66.92,77,978.4
2025-08-17 17:00,66.56,82,978.2
2025-08-17 17:30,66.02,82,977
2025-08-17 18:00,67.64,77,976
2025-08-17 18:30,68.72,75,976.3
2025-08-17 19:30,70.52,73,976
2025-08-17 20:00,70.88,74,975
2025-08-17 20:30,71.24,74,974.7
2025-08-17 21:00,71.24,75,974.5
2025-08-17 21:30,71.42,76,976.1
2025-08-17 22:00,71.24,76,975.6
2025-08-17 22:30,71.42,76,975.9
2025-08-17 23:00,71.6,77,976
2025-08-20 15:00,71.24,76,988.2
2025-08-20 15:30,71.42,77,988.2
2025-08-20 16:00,71.96,77,988.2
2025-08-20 16:30,72.14,76,988.2
2025-08-20 17:00,72.68,76,988.1
2025-08-20 17:30,73.04,75,988.1
2025-08-20 18:00,73.76,74,988.1
2025-08-20 18:30,75.02,72,987.9
2025-08-20 19:30,75.56,71,987.6
2025-08-20 20:00,76.1,72,987.3
2025-08-20 20:30,75.2,74,987.3
2025-08-20 21:00,75.38,73,987.2
2025-08-20 21:30,74.66,75,987.1
2025-08-20 22:00,74.3,76,987.1
2025-08-20 22:30,74.48,77,987
2025-08-20 23:00,73.58,77,987
2025-08-20 23:30,73.58,78,987.1
2025-08-21 00:00,73.22,79,987.3
2025-08-21 00:30,72.68,79,987.4
2025-08-21 01:30,71.42,78,987.5
2025-08-21 02:00,70.52,79,987.9
2025-08-21 02:30,69.44,80,988
2025-08-21 03:00,69.08,81,988.2
2025-08-21 03:30,68.72,82,988.2
2025-08-21 04:00,68.54,82,988.1
2025-08-21 04:30,67.82,84,988.1
2025-08-21 05:00,68.54,83,988.2
2025-08-21 05:30,68.9,82,988.1
2025-08-21 06:00,68.9,82,987.7
2025-08-21 06:30,68.72,82,987.5
2025-08-21 07:30,68.54,83,987.3
2025-08-21 08:00,68.36,83,987.3
2025-08-21 08:30,68.18,84,987.4
2025-08-21 09:00,67.82,85,987.4
2025-08-21 09:30,67.28,87,987.4
2025-08-21 10:00,66.92,87,987.4
2025-08-21 10:30,66.74,88,987.6
2025-08-21 11:00,66.02,89,987.7
2025-08-21 11:30,66.38,89,987.7
2025-08-21 12:00,66.74,88,988
2025-08-21 12:30,67.28,87,988
2025-08-21 13:30,68.18,86,988.2
2025-08-21 14:00,69.08,84,988.4
2025-08-21 14:30,70.52,82,988.4
2025-08-21 15:00,70.88,80,988.8
2025-08-21 15:30,71.24,81,989
2025-08-21 16:00,73.58,76,989
2025-08-21 16:30,72.68,76,988.7
2025-08-21 17:00,74.48,72,988.9
2025-08-21 17:30,75.38,71,988.5
2025-08-21 18:00,74.66,73,988.4
2025-08-21 18:30,75.2,71,988.3
2025-08-21 19:30,75.02,71,988
2025-08-21 20:00,74.3,74,988
2025-08-21 20:30,73.76,75,987.9
2025-08-21 21:00,73.94,74,987.9
2025-08-21 21:30,74.12,73,988
2025-08-21 22:00,74.12,73,988.1
2025-08-21 22:30,74.48,73,987.9
2025-08-21 23:00,74.48,73,987.8
2025-08-21 23:30,73.94,75,988
2025-08-22 00:00,73.04,76,988
2025-08-22 00:30,72.32,77,987.9
2025-08-22 01:30,71.42,77,988.2
2025-08-22 02:00,71.24,77,988.4
2025-08-22 02:30,70.52,78,988.6
2025-08-22 03:00,70.16,77,988.5
2025-08-22 03:30,69.44,77,988.5
2025-08-22 04:00,68.9,76,988.5
2025-08-22 04:30,67.82,78,988.6
2025-08-22 05:00,66.74,80,988.7
2025-08-22 05:30,66.02,81,988.7
2025-08-22 06:00,65.3,82,988.6
2025-08-22 06:30,64.76,83,988.6
2025-08-22 07:30,63.5,85,988.5
2025-08-22 08:00,62.96,86,988.8
2025-08-22 08:30,63.14,87,988.9
2025-08-22 09:00,63.68,87,988.8
2025-08-22 09:30,64.04,86,988.7
2025-08-22 10:00,64.4,87,988.8
2025-08-22 10:30,64.58,86,989
2025-08-22 11:00,65.12,85,989.1
2025-08-22 11:30,65.3,85,989.2
2025-08-22 12:00,65.48,86,989.6
2025-08-22 12:30,66.38,84,990
2025-08-22 13:30,67.82,82,990.3
2025-08-22 14:00,68.18,81,990.2
2025-08-22 14:30,68.72,80,990.2
2025-08-22 15:00,69.8,79,990.1
2025-08-22 15:30,70.88,76,990.1
2025-08-22 16:00,72.32,72,989.9
2025-08-22 16:30,73.4,70,989.8
2025-08-22 17:00,74.12,68,989.8
2025-08-22 17:30,75.02,66,989.7
2025-08-22 18:00,75.02,66,989.4
2025-08-22 18:30,75.92,64,989.2
2025-08-22 19:30,77,61,988.7
2025-08-22 20:00,75.56,65,988.4
2025-08-22 20:30,77.54,62,988.1
2025-08-22 21:00,77.72,60,987.8
2025-08-22 21:30,76.64,65,987.6
2025-08-22 22:00,76.64,62,987.4
2025-08-22 22:30,77.9,61,987.2
2025-08-22 23:00,77.36,63,987.4
2025-08-22 23:30,76.28,66,987.3
2025-08-23 00:00,75.56,68,987.4
2025-08-23 00:30,74.48,70,987.3
2025-08-23 01:30,73.04,71,987.6
2025-08-23 02:00,71.96,73,988
2025-08-23 02:30,70.88,76,988.3
2025-08-23 03:00,69.44,79,988.5
2025-08-23 03:30,68.9,80,988.5
2025-08-23 04:00,69.26,80,988.4
2025-08-23 04:30,68.54,80,988
2025-08-23 05:00,66.56,83,987.9
2025-08-23 05:30,65.84,85,987.8
2025-08-23 06:00,66.02,85,987.5
2025-08-23 06:30,66.38,84,987.3
2025-08-23 07:30,64.94,86,987.1
2025-08-23 08:00,65.3,85,987.1
2025-08-23 08:30,64.22,87,986.9
2025-08-23 09:00,62.78,89,986.8
2025-08-23 09:30,62.24,91,986.9
2025-08-23 10:00,62.06,91,987
2025-08-23 10:30,62.6,90,986.9
2025-08-23 11:00,62.96,90,987.1
2025-08-23 11:30,63.5,86,987.4
2025-08-23 12:00,64.58,84,987.5
2025-08-23 12:30,66.92,78,987.4
2025-08-23 13:00,68.36,76,987.6
2025-08-23 13:30,70.52,73,987.5
2025-08-23 14:00,71.42,75,987.2
2025-08-23 14:30,73.04,72,987.1
2025-08-23 15:00,74.48,71,987.1
2025-08-23 15:30,74.3,72,987
2025-08-23 16:00,75.2,72,986.7
2025-08-23 16:30,75.2,72,986.7
2025-08-23 17:00,76.28,69,986.4
2025-08-23 17:30,76.64,69,986.1
2025-08-23 18:00,76.46,70,986.2
2025-08-23 18:30,76.64,70,986.1
2025-08-23 19:00,76.82,70,986
2025-08-23 19:30,76.64,72,985.6
2025-08-23 20:00,76.28,73,985
2025-08-23 20:30,76.1,74,985
2025-08-23 21:00,76.46,73,985
2025-08-23 21:30,77,73,984.9
2025-08-23 22:00,76.46,74,984.6
2025-08-23 22:30,76.64,75,984.6
2025-08-23 23:00,76.46,76,984.5
2025-08-23 23:30,76.46,76,984.5
2025-08-24 00:00,75.74,77,984.4
2025-08-24 00:30,74.66,79,984.5
2025-08-24 01:00,73.22,81,984.4
2025-08-24 01:30,72.32,83,984.6
2025-08-24 02:00,71.78,84,984.8
2025-08-24 02:30,71.6,86,984.9
2025-08-24 03:00,71.42,86,984.8
2025-08-24 03:30,71.6,86,985.2
2025-08-24 04:00,71.42,82,985.3
2025-08-24 04:30,70.52,81,985.5
2025-08-24 05:00,69.26,80,985.6
2025-08-24 05:30,68.36,77,985.8
2025-08-24 06:00,66.92,80,985.8
2025-08-24 06:30,66.2,81,985.7
2025-08-24 07:00,65.48,81,985.5
2025-08-24 07:30,64.94,81,985.6
2025-08-24 08:00,64.04,82,985.6
2025-08-24 08:30,63.32,84,985.7
2025-08-24 09:00,62.78,84,985.8
2025-08-24 09:30,62.06,85,985.8
2025-08-24 10:00,61.52,85,985.8
2025-08-24 10:30,60.8,86,985.8
2025-08-24 11:00,60.62,87,986
2025-08-24 11:30,60.8,86,986.2
2025-08-24 12:00,61.7,84,986.5
2025-08-24 12:30,62.6,82,986.6
2025-08-24 13:00,64.4,79,986.5
2025-08-24 13:30,64.58,79,986.5
2025-08-24 14:00,66.92,75,986.5
2025-08-24 14:30,68.54,69,986.7
2025-08-24 15:00,69.8,69,986.8
2025-08-24 15:30,70.88,64,986.7
2025-08-24 16:00,71.42,63,986.7
2025-08-24 16:30,71.06,64,986.6
2025-08-24 17:00,71.6,62,986.4
2025-08-24 17:30,71.96,61,986.1
2025-08-24 18:00,71.78,59,985.9
2025-08-24 18:30,72.32,58,985.8
2025-08-24 19:30,72.86,59,985.5
2025-08-24 20:00,71.96,59,985.5
2025-08-24 20:30,72.68,59,985.3
2025-08-24 21:00,71.96,58,985.6
2025-08-24 21:30,71.6,59,985.6
2025-08-24 22:00,72.32,60,985.7
2025-08-24 22:30,72.86,58,985.7
2025-08-24 23:00,73.04,55,985.6
2025-08-24 23:30,72.14,57,985.9
2025-08-25 00:00,69.98,60,986.1
2025-08-25 00:30,69.26,63,986.1
2025-08-25 01:30,66.38,68,986.7
2025-08-25 02:00,64.58,72,987
2025-08-25 02:30,63.68,73,987.1
2025-08-25 03:00,62.78,74,987.1
2025-08-25 03:30,61.88,76,987.1
2025-08-25 04:00,61.7,75,987
2025-08-25 04:30,60.8,76,987
2025-08-25 05:00,60.08,78,987.1
2025-08-25 05:30,59.36,79,987.1
2025-08-25 06:00,58.82,79,987.2
2025-08-25 06:30,58.46,80,987.3
2025-08-25 07:30,57.74,81,987.3
2025-08-25 08:00,57.2,82,987.4
2025-08-25 08:30,56.84,83,987.4
2025-08-25 09:00,56.48,84,987.5
2025-08-25 09:30,55.76,85,987.7
2025-08-25 10:00,55.76,85,987.6
2025-08-25 10:30,55.4,85,987.6
2025-08-25 11:00,53.96,87,987.8
2025-08-25 11:30,53.78,88,988
2025-08-25 12:00,55.4,85,988.4
2025-08-25 12:30,57.74,80,988.8
2025-08-25 13:00,60.98,73,988.9
2025-08-25 13:30,61.88,71,988.9
2025-08-25 14:00,62.96,69,989.2
2025-08-25 14:30,64.04,66,989.3
2025-08-25 15:00,64.4,65,989.4
2025-08-25 15:30,65.84,62,989.5
2025-08-25 16:00,66.92,58,989.3
2025-08-25 16:30,68.18,57,989.5
2025-08-25 17:00,68.72,60,989.5
2025-08-25 17:30,69.08,57,989.5
2025-08-25 18:00,67.1,59,989.5
2025-08-25 18:30,68.36,58,989.7
2025-08-25 19:00,68.36,59,989.6
2025-08-25 19:30,69.8,56,989.4
2025-08-25 20:00,71.6,54,989.3
2025-08-25 20:30,70.7,55,989
2025-08-25 21:00,70.88,53,989.2
2025-08-25 21:30,70.52,54,989.3
2025-08-25 22:00,70.88,54,989.4
2025-08-25 22:30,69.8,55,989.5
2025-08-25 23:00,69.26,56,989.5
2025-08-25 23:30,68.9,57,989.8
2025-08-26 00:00,67.46,60,989.9
2025-08-26 00:30,65.66,64,990.2
2025-08-26 01:00,64.22,68,990.6
2025-08-26 01:30,62.78,71,990.8
2025-08-26 02:00,61.16,74,991
2025-08-26 02:30,60.08,77,991.2
2025-08-26 03:00,58.82,79,991.2
2025-08-26 03:30,58.64,80,991.3
2025-08-26 04:00,57.92,81,991.3
2025-08-26 04:30,56.84,83,991.5
2025-08-26 05:00,56.48,83,991.4
2025-08-26 05:30,55.94,84,991.3
2025-08-26 06:00,55.76,84,991.3
2025-08-26 06:30,55.22,85,991.3
2025-08-26 07:00,55.04,85,991.4
2025-08-26 07:30,54.68,85,991.5
2025-08-26 08:00,54.5,86,991.6
2025-08-26 08:30,53.96,86,991.8
2025-08-26 09:00,53.42,87,992
2025-08-26 09:30,53.06,87,992.1
2025-08-26 10:00,52.88,87,992.2
2025-08-26 10:30,52.52,88,992.3
2025-08-26 11:00,52.34,88,992.5
2025-08-26 11:30,52.16,88,992.8
2025-08-26 12:00,54.14,85,993.1
2025-08-26 12:30,56.84,81,993.3
2025-08-26 13:00,60.44,74,993.5
2025-08-26 13:30,62.96,67,993.6
2025-08-26 14:00,64.04,63,993.9
2025-08-26 14:30,65.48,59,994.1
2025-08-26 15:00,66.38,57,994.3
2025-08-26 15:30,67.46,52,994.2
2025-08-26 16:00,68.54,51,994.3
2025-08-26 16:30,68.18,50,994.1
2025-08-26 17:00,69.44,50,993.9
2025-08-26 17:30,68.72,48,993.9
2025-08-26 18:00,69.98,46,993.6
2025-08-26 18:30,70.34,48,993.6
2025-08-26 19:00,71.24,48,993.4
2025-08-26 19:30,71.78,48,993.2
2025-08-26 20:00,71.6,48,993.1
2025-08-26 20:30,70.88,49,993.1
2025-08-26 21:00,71.24,48,993.1
2025-08-26 21:30,71.78,48,993.1
2025-08-26 22:00,70.34,49,993.1
2025-08-26 22:30,71.6,48,993.1
2025-08-26 23:00,71.24,48,992.9
2025-08-26 23:30,70.52,50,993
2025-08-27 00:00,69.08,52,993.1
2025-08-27 00:30,66.92,56,993.3
2025-08-27 01:00,65.12,60,993.6
2025-08-27 01:30,63.68,64,994
2025-08-27 02:00,64.04,63,994.3
2025-08-27 02:30,61.88,68,994.5
2025-08-27 03:00,59.54,73,994.6
2025-08-27 03:30,59,75,994.8
2025-08-27 04:00,58.64,76,994.5
2025-08-27 04:30,57.74,78,994.6
2025-08-27 05:00,58.1,79,994.7
2025-08-27 05:30,58.1,79,994.6
2025-08-27 06:00,57.56,82,994.6
2025-08-27 06:30,56.66,82,994.4
2025-08-27 07:00,55.22,85,994.4
2025-08-27 07:30,54.32,86,994.5
2025-08-27 08:00,53.78,88,994.6
2025-08-27 08:30,53.6,88,994.8
2025-08-27 09:00,52.7,88,994.6
2025-08-27 09:30,52.52,88,994.7
2025-08-27 10:00,51.62,89,994.8
2025-08-27 10:30,52.16,87,995.1
2025-08-27 11:00,50.36,89,995.3
2025-08-27 11:30,51.8,88,995.5
2025-08-27 12:00,54.68,82,995.7
2025-08-27 12:30,57.56,78,995.8
2025-08-27 13:00,60.26,73,996
2025-08-27 13:30,63.68,68,996.1
2025-08-27 14:00,66.38,66,996
2025-08-27 14:30,68.18,62,996
2025-08-27 15:00,71.06,57,996
2025-08-27 15:30,70.34,54,995.9
2025-08-27 16:00,72.5,50,995.7
2025-08-27 16:30,71.78,52,995.6
2025-08-27 17:00,71.42,52,995.3
2025-08-27 17:30,72.32,50,995
2025-08-27 18:00,73.22,48,994.5
2025-08-27 18:30,71.78,49,994.5
2025-08-27 19:00,73.04,48,994.1
2025-08-27 19:30,75.38,48,993.9
2025-08-27 20:00,77.18,47,993.8
2025-08-27 20:30,75.02,49,993.4
2025-08-27 21:00,76.28,47,993.1
2025-08-27 21:30,76.1,49,993
2025-08-27 22:00,75.56,49,992.9
2025-08-27 22:30,75.74,49,992.8
2025-08-27 23:00,75.38,49,992.7
2025-08-27 23:30,74.48,50,992.7
2025-08-28 00:00,73.04,52,992.6
2025-08-28 00:30,70.52,56,992.6
2025-08-28 01:00,67.64,62,992.6
2025-08-28 01:30,66.56,64,992.8
2025-08-28 02:00,66.02,65,992.8
2025-08-28 02:30,65.66,65,992.7
2025-08-28 03:00,65.48,65,992.6
2025-08-28 03:30,64.58,67,992.7
2025-08-28 04:00,63.14,69,992.7
2025-08-28 04:30,61.88,72,992.9
2025-08-28 05:00,61.52,72,992.9
2025-08-28 05:30,61.16,72,992.9
2025-08-28 06:00,60.8,73,992.5
2025-08-28 06:30,60.8,73,992.3
2025-08-28 07:00,61.16,72,992.4
2025-08-28 07:30,60.26,75,992.3
2025-08-28 08:00,59.9,75,992.2
2025-08-28 08:30,59.18,76,992.1
2025-08-28 09:00,59.18,76,992
2025-08-28 09:30,58.82,76,991.9
2025-08-28 10:00,59.54,76,991.8
2025-08-28 10:30,59.72,75,991.9
2025-08-28 11:00,59.54,76,991.8
2025-08-28 11:30,59.54,76,991.9
2025-08-28 12:00,60.26,76,991.9
2025-08-28 12:30,60.8,74,991.8
2025-08-28 13:00,61.7,73,991.8
2025-08-28 13:30,62.42,72,992.1
2025-08-28 14:00,62.42,76,992.6
2025-08-28 14:30,62.6,77,992.7
2025-08-28 15:00,63.14,73,992.9
2025-08-28 15:30,63.5,73,992.6
2025-08-28 16:00,62.42,79,992.3
2025-08-28 16:30,62.96,77,992.3
2025-08-28 17:00,63.5,79,992.1
2025-08-28 17:30,64.58,75,991.7
2025-08-28 18:00,66.38,73,991.5
2025-08-28 18:30,67.82,70,991.3
2025-08-28 19:30,69.8,71,990.5
2025-08-28 20:00,72.32,67,990.1
2025-08-28 20:30,73.4,64,989.8
2025-08-28 21:00,78.62,58,989.8
2025-08-28 21:30,77,59,989.3
2025-08-28 22:00,77.54,59,989.2
2025-08-28 22:30,76.1,62,989.2
2025-08-28 23:00,76.1,62,989.1
2025-08-28 23:30,75.2,64,989.1
2025-08-29 00:00,74.12,66,989.1
2025-08-29 00:30,72.5,70,989.3
2025-08-29 01:30,69.62,75,989.8
2025-08-29 02:00,68.54,76,990.1
2025-08-29 02:30,67.82,79,990.3
2025-08-29 03:00,66.02,82,990.3
2025-08-29 03:30,66.56,80,990.4
2025-08-29 04:00,66.74,79,990.5
2025-08-29 04:30,65.84,80,990.7
2025-08-29 05:00,64.76,82,990.8
2025-08-29 05:30,63.68,83,991
2025-08-29 06:00,62.78,84,991.1
2025-08-29 06:30,62.96,84,991.2
2025-08-29 07:30,61.34,86,991
2025-08-29 08:00,60.98,87,990.9
2025-08-29 08:30,59.72,88,990.8
2025-08-29 09:00,58.82,88,991
2025-08-29 09:30,58.28,88,990.9
2025-08-29 10:00,57.2,89,991.1
2025-08-29 10:30,56.66,88,991.1
2025-08-29 11:00,55.94,87,991.5
2025-08-29 11:30,55.58,87,991.7
2025-08-29 12:00,56.66,84,991.9
2025-08-29 12:30,58.82,80,991.9
2025-08-29 13:00,60.44,77,991.8
2025-08-29 13:30,63.32,73,992
2025-08-29 14:00,64.04,70,991.9
2025-08-29 14:30,66.74,65,992
2025-08-29 15:00,67.28,63,992.2
2025-08-29 15:30,69.44,57,992.1
2025-08-29 16:00,70.16,54,992.3
2025-08-29 16:30,71.96,54,992.2
2025-08-29 17:00,72.32,53,991.9
2025-08-29 17:30,72.68,55,991.7
2025-08-29 18:00,72.32,56,991.5
2025-08-29 18:30,74.12,49,991.7
2025-08-29 19:00,75.74,43,991.3
2025-08-29 19:30,75.38,47,991
2025-08-29 20:00,75.2,44,990.7
2025-08-29 20:30,75.38,44,990.7
2025-08-29 21:00,74.48,47,990.8
2025-08-29 21:30,75.2,49,990.6
2025-08-29 22:00,74.66,50,990.5
2025-08-29 22:30,74.66,48,990.3
2025-08-29 23:00,73.76,48,990.1
2025-08-29 23:30,73.22,50,989.8
2025-08-30 00:00,71.24,52,989.7
2025-08-30 00:30,68.72,54,989.9
2025-08-30 01:00,66.2,59,990
2025-08-30 01:30,65.12,60,990
2025-08-30 02:00,64.22,63,990
2025-08-30 02:30,62.6,67,990.1
2025-08-30 03:00,60.98,70,990.2
2025-08-30 03:30,59.72,73,990.2
2025-08-30 04:00,58.82,74,990.3
2025-08-30 04:30,57.38,75,990.3
2025-08-30 05:00,56.84,79,990.2
2025-08-30 05:30,56.3,79,990.4
2025-08-30 06:00,55.58,81,990.5
2025-08-30 06:30,54.68,81,990.3
2025-08-30 07:00,53.42,84,990.5
2025-08-30 07:30,52.88,84,990.6
2025-08-30 08:00,51.98,85,990.5
2025-08-30 08:30,51.44,88,990.6
2025-08-30 09:00,51.26,89,990.7
2025-08-30 09:30,53.06,88,990.9
2025-08-30 10:00,53.24,88,991.2
2025-08-30 10:30,53.42,88,991.2
2025-08-30 11:00,54.32,86,991.5
2025-08-30 11:30,55.4,84,991.6
2025-08-30 12:00,56.66,82,991.9
2025-08-30 12:30,57.2,81,992
2025-08-30 13:00,58.28,80,992.3
2025-08-30 13:30,60.26,77,992.4
2025-08-30 14:00,61.88,72,992.5
2025-08-30 14:30,64.22,68,992.5
2025-08-30 15:00,65.66,67,992.8
2025-08-30 15:30,66.74,66,992.8
2025-08-30 16:00,68.54,62,992.6
2025-08-30 16:30,69.98,61,992.4
2025-08-30 17:00,71.96,55,992
2025-08-30 17:30,72.5,56,991.9
2025-08-30 18:00,74.3,54,991.7
2025-08-30 18:30,73.22,56,991.6
2025-08-30 19:30,74.3,55,991
2025-08-30 20:00,77,50,990.8
2025-08-30 20:30,76.82,51,990.7
2025-08-30 21:00,78.08,51,990.6
2025-08-30 21:30,77,51,990.7
2025-08-30 22:00,76.46,52,990.8
2025-08-30 22:30,76.64,53,990.9
2025-08-30 23:00,74.66,56,990.9
2025-08-30 23:30,74.3,56,990.8
2025-08-31 00:00,73.04,60,990.9
2025-08-31 00:30,69.8,63,991
2025-08-31 01:30,67.64,65,991.9
2025-08-31 02:00,66.38,67,992
2025-08-31 02:30,66.02,67,992.2
2025-08-31 03:00,64.94,70,992.1
2025-08-31 03:30,64.76,67,992.3
2025-08-31 04:00,64.04,67,992.4
2025-08-31 04:30,62.78,68,992.4
2025-08-31 05:00,62.06,69,992.7
2025-08-31 05:30,60.44,72,992.9
2025-08-31 06:00,59.54,74,993.1
2025-08-31 06:30,58.82,76,993
2025-08-31 07:30,58.28,74,992.9
2025-08-31 08:00,57.74,75,993
2025-08-31 08:30,57.2,77,993
2025-08-31 09:00,54.86,81,993.2
2025-08-31 09:30,54.32,81,993.3
2025-08-31 10:00,54.32,80,993.4
2025-08-31 10:30,55.58,77,993.5
2025-08-31 11:00,54.86,78,993.9
2025-08-31 11:30,54.14,79,994
2025-08-31 12:00,57.38,74,994.3
2025-08-31 12:30,59.72,72,994.8
2025-08-31 13:00,61.52,69,994.8
2025-08-31 13:30,62.6,67,995
2025-08-31 14:00,65.48,65,995
2025-08-31 14:30,65.84,65,995.2
2025-08-31 15:00,67.28,60,995.2
2025-08-31 15:30,68.18,59,995.2
2025-08-31 16:00,68.72,56,995.1
2025-08-31 16:30,70.7,53,995.1
2025-08-31 17:00,72.14,53,994.9
2025-08-31 17:30,71.96,53,994.6
2025-08-31 18:00,74.84,50,994.4
2025-08-31 18:30,74.3,51,994.2
2025-08-31 19:00,73.4,53,993.9
2025-08-31 19:30,74.48,51,993.5
2025-08-31 20:00,74.3,52,993.3
2025-08-31 20:30,76.28,51,993.1
2025-08-31 21:00,76.1,52,993
2025-08-31 21:30,76.64,51,992.8
2025-08-31 22:00,76.46,53,992.8
2025-08-31 22:30,75.74,52,992.8
2025-08-31 23:00,75.56,53,992.9
2025-08-31 23:30,74.3,55,992.9
2025-09-01 00:00,72.32,56,992.8
2025-09-01 00:30,70.34,59,992.8
2025-09-01 01:00,69.08,59,993.1
2025-09-01 01:30,68.18,60,993.3
2025-09-01 02:00,67.28,61,993.5
2025-09-01 02:30,66.74,64,993.6
2025-09-01 03:00,66.38,66,993.8
2025-09-01 03:30,65.66,67,993.8
2025-09-01 04:00,65.66,67,994
2025-09-01 04:30,65.12,69,994.1
2025-09-01 05:00,64.4,69,994.2
2025-09-01 05:30,63.14,71,994.1
2025-09-01 06:00,62.06,72,993.9
2025-09-01 06:30,60.62,73,993.8
2025-09-01 07:00,59.72,75,993.7
2025-09-01 07:30,59.18,73,993.6
2025-09-01 08:00,59.18,71,993.6
2025-09-01 08:30,58.64,72,993.6
2025-09-01 09:00,58.1,72,993.6
2025-09-01 09:30,57.02,75,993.6
2025-09-01 10:00,55.94,76,993.6
2025-09-01 10:30,56.12,77,993.6
2025-09-01 11:00,54.86,80,993.7
2025-09-01 11:30,55.04,81,993.9
2025-09-01 12:00,57.2,78,993.9
2025-09-01 12:30,60.08,75,993.9
2025-09-01 13:00,60.44,74,994
2025-09-01 13:30,62.24,72,994
2025-09-01 14:00,64.04,70,994
2025-09-01 14:30,65.66,67,994.2
2025-09-01 15:00,68,63,994.1
2025-09-01 15:30,69.62,60,993.9
2025-09-01 16:00,72.68,57,993.8
2025-09-01 16:30,74.48,53,993.5
2025-09-01 17:00,74.84,51,993
2025-09-01 17:30,75.56,50,992.7
2025-09-01 18:00,77.54,50,992.6
2025-09-01 18:30,77.36,49,992.2
2025-09-01 19:30,79.16,49,991.7
2025-09-01 20:00,80.24,48,991.2
2025-09-01 20:30,78.98,48,991
2025-09-01 21:00,78.8,47,990.8
2025-09-01 21:30,79.52,47,990.7
2025-09-01 22:00,80.96,46,990.6
2025-09-01 22:30,80.24,46,990.5
2025-09-01 23:00,79.34,48,990.6
2025-09-01 23:30,78.26,49,990.5
2025-09-02 00:00,76.28,52,990.4
2025-09-02 00:30,73.58,54,990.5
2025-09-02 01:30,69.62,60,990.8
2025-09-02 02:00,68.72,60,990.9
2025-09-02 02:30,68.18,61,990.9
2025-09-02 03:00,67.64,62,990.9
2025-09-02 03:30,67.1,63,990.8
2025-09-02 04:00,66.92,64,990.7
2025-09-02 04:30,66.38,66,990.6
2025-09-02 05:00,65.66,68,990.5
2025-09-02 05:30,65.3,68,990.5
2025-09-02 06:00,63.86,71,990.4
2025-09-02 06:30,62.78,73,990.1
2025-09-02 07:30,59.72,78,989.9
2025-09-02 08:00,60.08,79,990
2025-09-02 08:30,58.46,81,990
2025-09-02 09:00,58.64,82,989.9
2025-09-02 09:30,57.38,83,989.8
2025-09-02 10:00,57.02,84,989.8
2025-09-02 10:30,56.3,85,989.8
2025-09-02 11:00,55.76,86,990
2025-09-02 11:30,55.76,85,990
2025-09-02 12:00,58.46,81,990.1
2025-09-02 12:30,63.5,73,990.1
2025-09-02 13:00,65.48,67,990
2025-09-02 13:30,66.92,65,989.9
2025-09-02 14:00,68.18,63,989.8
2025-09-02 14:30,69.44,62,989.8
2025-09-02 15:00,71.78,60,989.6
2025-09-02 15:30,73.58,57,989.5
2025-09-02 16:00,75.2,54,989.2
2025-09-02 16:30,76.82,53,988.9
2025-09-02 17:00,78.08,52,988.6
2025-09-02 17:30,78.44,51,988.2
2025-09-02 18:00,79.88,49,988
2025-09-02 18:30,80.78,49,987.7
2025-09-02 19:00,82.22,46,987.3
2025-09-02 19:30,82.58,45,986.9
2025-09-02 20:00,82.76,45,986.6
2025-09-02 20:30,81.14,46,986.3
2025-09-03 14:30,71.42,66,983.6
2025-09-03 15:00,73.94,59,983.4
2025-09-03 15:30,75.38,56,983.1
2025-09-03 16:00,76.1,55,982.9
2025-09-03 16:30,76.46,55,982.8
2025-09-03 17:00,77.18,54,982.5
2025-09-03 17:30,77.18,51,982.1
2025-09-03 18:00,78.08,53,981.8
2025-09-03 18:30,78.26,52,981.6
2025-09-03 19:30,78.08,54,981
2025-09-03 20:00,79.16,53,980.4
2025-09-03 20:30,78.44,53,980.2
2025-09-03 21:00,78.08,54,980.1
2025-09-03 21:30,77.9,54,980
2025-09-03 22:00,78.98,54,979.7
2025-09-03 22:30,78.44,54,979.3
2025-09-03 23:00,77.36,56,979.1
2025-09-03 23:30,76.28,57,978.9
2025-09-04 00:00,75.56,58,978.7
2025-09-04 00:30,74.84,59,978.5
2025-09-04 01:30,74.48,59,978.5
2025-09-04 02:00,73.22,61,978.1
2025-09-04 02:30,72.5,63,978
2025-09-04 03:00,72.14,64,977.8
2025-09-04 03:30,71.6,67,978.9
2025-09-04 04:00,63.32,89,979.8
2025-09-04 04:30,63.32,89,979.6
2025-09-04 05:00,62.96,90,979.3
2025-09-04 05:30,62.78,91,979.2
2025-09-04 06:00,62.6,91,979.2
2025-09-04 06:30,62.6,92,978.8
2025-09-04 07:30,62.6,91,978.8
2025-09-04 08:00,62.6,90,978.6
2025-09-04 08:30,62.24,90,978.6
2025-09-04 09:00,60.62,81,978.9
2025-09-04 09:30,59.18,87,979.3
2025-09-04 10:00,57.92,84,979.9
2025-09-04 10:30,57.2,82,980
2025-09-04 11:00,56.3,83,980.4
2025-09-04 11:30,54.86,83,980.8
2025-09-04 12:00,54.14,82,981
2025-09-04 12:30,55.22,80,981.1
2025-09-04 13:00,55.94,78,981.3
2025-09-04 13:30,57.92,75,981.5
2025-09-04 14:00,58.46,74,981.7
2025-09-04 14:30,59.54,70,981.7
2025-09-04 15:00,60.98,66,981.8
2025-09-04 15:30,62.06,63,981.9
2025-09-04 16:00,63.14,57,981.8
2025-09-04 16:30,63.5,55,981.6
2025-09-04 17:00,64.94,53,981.6
2025-09-04 17:30,65.3,51,981.4
2025-09-04 18:00,64.76,52,981.5
2025-09-04 18:30,66.74,51,981.3
2025-09-04 19:00,66.02,50,981.1
2025-09-04 19:30,66.2,51,980.9
2025-09-04 20:00,67.46,50,980.6
2025-09-04 20:30,67.82,50,980.5
2025-09-04 21:00,67.46,51,980.4
2025-09-04 21:30,68,51,980.3
2025-09-04 22:00,68.36,51,980.2
2025-09-04 22:30,68.18,51,980.1
2025-09-04 23:00,67.64,51,980
2025-09-04 23:30,67.1,54,980.1
2025-09-05 00:00,65.3,57,980
2025-09-05 00:30,62.96,58,980.2
2025-09-05 01:00,61.88,61,980.6
2025-09-05 01:30,60.44,64,980.7
2025-09-05 02:00,59.54,65,980.9
2025-09-05 02:30,59.72,66,981
2025-09-05 03:00,58.46,70,980.9
2025-09-05 03:30,57.74,72,980.8
2025-09-05 04:00,57.02,73,980.9
2025-09-05 04:30,57.2,73,980.6
2025-09-05 05:00,57.38,72,980.6
2025-09-05 05:30,55.04,78,980.3
2025-09-05 06:00,54.5,79,980.4
2025-09-05 06:30,55.94,76,980
2025-09-05 07:00,55.76,76,980.2
2025-09-05 07:30,56.12,75,980
2025-09-05 08:00,55.94,76,980
2025-09-05 08:30,55.94,76,979.8
2025-09-05 09:00,55.94,76,979.6
2025-09-05 09:30,56.12,76,979.4
2025-09-05 10:00,55.94,77,979.5
2025-09-05 10:30,55.94,78,979.6
2025-09-05 11:00,56.3,77,979.8
2025-09-05 11:30,56.66,77,980.1
2025-09-05 12:00,57.2,77,980.4
2025-09-05 12:30,58.46,78,980.6
2025-09-05 13:00,59.72,79,980.7
2025-09-05 13:30,62.24,79,980.9
2025-09-05 14:00,64.04,74,981.2
2025-09-05 14:30,64.94,72,981.3
2025-09-05 15:00,65.84,70,981.9
2025-09-05 15:30,66.38,67,982
2025-09-05 16:00,67.82,59,982
2025-09-05 16:30,69.08,55,982.4
2025-09-05 17:00,69.62,53,982.6
2025-09-05 17:30,70.88,51,982.6
2025-09-05 18:00,71.78,51,983.3
2025-09-05 18:30,72.68,51,983.2
2025-09-05 19:30,72.86,52,983.7
2025-09-05 20:00,73.04,52,983.6
2025-09-05 20:30,73.4,52,983.8
2025-09-05 21:00,73.94,51,984
2025-09-05 21:30,74.3,51,984.2
2025-09-05 22:00,74.66,50,984.4
2025-09-05 22:30,75.02,50,984.7
2025-09-05 23:00,75.02,49,985.1
2025-09-05 23:30,74.84,49,985.2
2025-09-06 00:00,74.3,49,985.6
2025-09-06 00:30,73.76,49,985.6
2025-09-06 01:30,72.5,50,986.3
2025-09-06 02:00,71.96,51,986.6
2025-09-06 02:30,71.24,51,986.6
2025-09-06 03:00,70.52,52,986.6
2025-09-06 03:30,69.8,53,986.8
2025-09-06 04:00,69.08,53,987.1
2025-09-06 04:30,68.36,54,987.3
2025-09-06 05:00,67.64,55,987.1
2025-09-06 05:30,67.1,56,987.1
2025-09-06 06:00,66.74,57,987.4
2025-09-06 06:30,66.38,57,987.2
2025-09-06 07:30,65.48,59,987.6
2025-09-06 08:00,64.94,59,987.8
2025-09-06 08:30,64.58,60,988
2025-09-06 09:00,64.22,60,988.2
2025-09-06 09:30,63.86,60,988.3
2025-09-06 10:00,63.5,61,988.5
2025-09-06 10:30,63.14,61,988.7
2025-09-06 11:00,62.96,61,988.7
2025-09-06 11:30,62.42,61,988.9
2025-09-06 12:00,62.06,62,989.3
2025-09-06 12:30,61.52,63,989.6
2025-09-06 13:00,61.52,63,989.9
2025-09-06 13:30,61.88,64,990.1
2025-09-06 14:00,62.06,64,990.1
2025-09-06 14:30,62.6,63,990.3
2025-09-06 15:00,63.14,63,990.4
2025-09-06 15:30,63.86,62,990.5
2025-09-06 16:00,64.76,60,990.5
2025-09-06 16:30,65.48,59,990.5
2025-09-06 17:00,66.38,58,990.5
2025-09-06 17:30,67.1,57,990.3
2025-09-06 18:00,67.82,55,990.2
2025-09-06 18:30,68.36,54,989.9
2025-09-06 19:00,68.9,53,989.8
2025-09-06 19:30,69.44,53,989.5
2025-09-06 20:00,69.8,52,989.5
2025-09-06 20:30,70.34,51,989.3
2025-09-06 21:00,70.88,51,989.2
2025-09-06 21:30,71.42,51,989
2025-09-06 22:00,72.14,51,989.1
2025-09-06 22:30,72.68,51,989
2025-09-06 23:00,73.22,51,989.1
2025-09-06 23:30,73.76,50,989.1
2025-09-07 00:00,74.12,49,989.2
2025-09-07 00:30,73.94,48,989.5
2025-09-07 01:00,73.4,49,989.7
2025-09-07 01:30,72.5,50,989.9
2025-09-07 02:00,71.6,51,990
2025-09-07 02:30,70.34,52,990.1
2025-09-07 03:00,69.26,53,990.2
2025-09-07 03:30,68.18,54,990.3
2025-09-07 04:00,67.1,56,990.5
2025-09-07 04:30,66.2,56,990.6
2025-09-07 05:00,65.3,58,990.7
2025-09-07 05:30,64.22,59,991
2025-09-07 06:00,63.5,59,991.1
2025-09-07 06:30,62.78,60,991.2
2025-09-07 07:00,62.06,60,991.1
2025-09-07 07:30,61.34,61,990.9
2025-09-07 08:00,60.8,61,990.9
2025-09-07 08:30,60.44,62,990.8
2025-09-07 09:00,60.08,62,991
2025-09-07 09:30,59.72,62,991.1
2025-09-07 10:00,59.36,62,991.5
2025-09-07 10:30,59,63,991.7
2025-09-07 11:00,58.82,63,992
2025-09-07 11:30,58.46,63,992.2
2025-09-07 12:00,58.1,64,992.6
2025-09-07 12:30,57.74,64,992.9
2025-09-07 13:00,57.74,64,993.2
2025-09-07 13:30,58.28,65,993.3
2025-09-07 14:00,58.64,65,993.6
2025-09-07 14:30,59.36,64,993.9
2025-09-07 15:00,60.08,63,994
2025-09-07 15:30,60.98,61,994.2
2025-09-07 16:00,62.06,59,994.1
2025-09-07 16:30,62.96,57,994.5
2025-09-07 17:00,64.04,56,994.6
2025-09-07 17:30,64.76,55,994.4
2025-09-07 18:00,65.66,53,994.3
2025-09-07 18:30,66.56,52,994.3
2025-09-07 19:30,68,52,994
2025-09-07 20:00,68.54,51,993.9
2025-09-07 20:30,69.44,51,993.9
2025-09-07 21:00,70.16,51,993.7
2025-09-07 21:30,71.06,50,993.7
2025-09-07 22:00,71.96,50,993.8
2025-09-07 22:30,72.86,50,993.9
2025-09-07 23:00,73.76,49,994
2025-09-07 23:30,74.48,49,994
2025-09-08 00:00,74.84,49,994.2
2025-09-08 00:30,74.84,47,994.5
2025-09-08 01:30,73.4,48,995.2
2025-09-08 02:00,72.32,49,995.4
2025-09-08 02:30,71.06,50,995.8
2025-09-08 03:00,69.98,50,996.1
2025-09-08 03:30,69.08,51,996.3
2025-09-08 04:00,67.82,52,996.5
2025-09-08 04:30,66.56,53,996.5
2025-09-08 05:00,65.3,54,996.6
2025-09-08 05:30,64.22,54,996.9
2025-09-08 06:00,63.32,55,996.8
2025-09-08 06:30,62.42,56,996.7
2025-09-08 07:30,60.44,58,996.9
2025-09-08 08:00,59.54,59,996.7
2025-09-08 08:30,59.18,59,996.7
2025-09-08 09:00,58.46,59,996.9
2025-09-08 09:30,57.92,60,996.9
2025-09-08 10:00,57.2,60,997
2025-09-08 10:30,56.66,61,997.1
2025-09-08 11:00,56.12,61,997.3
2025-09-08 11:30,55.76,62,997.5
2025-09-08 12:00,55.4,62,997.8
2025-09-08 12:30,55.4,62,997.8
2025-09-08 13:00,55.76,63,997.8
2025-09-08 13:30,56.3,64,998
2025-09-08 14:00,56.84,64,998.1
2025-09-08 14:30,57.74,65,998.1
2025-09-08 15:00,58.82,64,998.1
2025-09-08 15:30,60.08,64,998.1
2025-09-08 16:00,61.34,63,997.8
2025-09-08 16:30,62.6,61,997.5
2025-09-08 17:00,63.86,59,997.1
2025-09-08 17:30,64.94,57,996.8
2025-09-08 18:00,66.02,56,996.5
2025-09-08 18:30,66.92,55,996.2
2025-09-08 19:00,67.82,54,995.8
2025-09-08 19:30,68.72,53,995.4
2025-09-08 20:00,69.62,52,995
2025-09-08 20:30,70.52,52,994.7
2025-09-08 21:00,71.42,51,994.5
2025-09-08 21:30,72.5,51,994.2
2025-09-08 22:00,73.58,51,994.1
2025-09-08 22:30,74.66,50,994.1
2025-09-08 23:00,75.38,50,994.1
2025-09-08 23:30,76.1,49,994
2025-09-09 00:00,76.46,48,993.9
2025-09-09 00:30,76.28,48,993.9
2025-09-09 01:00,75.74,47,994
2025-09-09 01:30,74.84,48,994
2025-09-09 02:00,73.76,49,994
2025-09-09 02:30,72.5,49,993.9
2025-09-09 03:00,71.42,50,993.9
2025-09-09 03:30,69.98,51,993.9
2025-09-09 04:00,68.9,52,994
2025-09-09 04:30,67.64,53,993.9
2025-09-09 05:00,66.56,55,993.9
2025-09-09 05:30,65.48,56,993.8
2025-09-09 06:00,64.58,56,993.8
2025-09-09 06:30,63.68,57,993.8
2025-09-09 07:00,62.96,58,993.8
2025-09-09 07:30,62.24,58,993.7
2025-09-09 08:00,61.52,59,993.5
2025-09-09 08:30,60.8,59,993.5
2025-09-09 09:00,60.08,60,993.3
2025-09-09 09:30,59.54,60,993.3
2025-09-09 10:00,58.82,60,993.2
2025-09-09 10:30,58.1,61,993.4
2025-09-09 11:00,57.38,62,993.6
2025-09-09 11:30,57.02,66,993.9
2025-09-09 12:00,56.3,64,993.4
2025-09-09 12:30,56.48,66,997.3
2025-09-09 13:00,57.2,66,988.9
2025-09-09 13:30,58.1,67,987.3
2025-09-09 14:00,59.18,66,987.9
2025-09-09 14:30,60.44,66,987.7
2025-09-09 15:00,62.06,64,990.5
2025-09-09 15:30,63.68,61,993.6
2025-09-09 16:00,65.3,61,991.6
2025-09-09 16:30,67.1,58,995.7
2025-09-09 17:00,68.72,55,981.6
2025-09-09 17:30,70.52,52,982.9
2025-09-09 18:00,71.96,51,986.8
2025-09-09 18:30,73.4,50,983.6
2025-09-09 19:00,74.66,48,948.9
2025-09-09 19:30,75.56,48,982.6
2025-09-09 20:00,76.1,48,984.3
2025-09-09 20:30,76.82,48,984.1
2025-09-09 21:00,77.54,48,983.9
2025-09-09 21:30,78.26,48,983.9
2025-09-09 22:00,78.98,48,983.9
2025-09-09 22:30,79.7,48,983.7
2025-09-09 23:00,80.06,48,983.7
2025-09-09 23:30,80.24,48,983.8
2025-09-10 00:00,79.88,48,983.9
2025-09-10 00:30,79.34,48,984.2
2025-09-10 01:00,78.8,48,984.2
2025-09-10 01:30,78.08,48,984.1
2025-09-10 02:00,77.18,48,984.1
2025-09-10 02:30,76.28,49,984.3
2025-09-10 03:00,75.38,49,984.4
2025-09-10 03:30,74.48,50,984.6
2025-09-10 04:00,73.4,51,984.7
2025-09-10 04:30,72.5,52,984.8
2025-09-10 05:00,71.6,52,984.8
2025-09-10 05:30,70.52,53,984.8
2025-09-10 06:00,69.44,54,984.9
2025-09-10 06:30,68.36,54,985
2025-09-10 07:00,67.46,55,984.9
2025-09-10 07:30,66.56,55,985
2025-09-10 08:00,65.66,56,984.8
2025-09-10 08:30,64.94,56,984.8
2025-09-10 09:00,64.22,57,984.6
2025-09-10 09:30,63.5,57,984.6
2025-09-10 10:00,62.96,57,984.7
2025-09-10 10:30,62.24,58,984.6
2025-09-10 11:00,61.7,57,979.9
2025-09-10 11:30,60.98,63,995.6
2025-09-10 12:00,60.44,68,1009.4
2025-09-10 12:30,60.8,68,1008
2025-09-10 13:00,61.7,70,1007.5
2025-09-10 13:30,62.6,70,1005.7
2025-09-10 14:00,63.32,70,1006.2
2025-09-10 14:30,63.86,74,1006.2
2025-09-10 15:00,64.4,77,1006.1
2025-09-10 15:30,64.76,77,1006.1
2025-09-10 16:00,65.3,76,1005.9
2025-09-10 16:30,63.5,83,1005.2
2025-09-10 17:00,64.58,82,1004.9
2025-09-10 17:30,65.48,80,1004.5
2025-09-10 18:00,66.2,79,1004.4
2025-09-10 18:30,68,77,1004.1
2025-09-10 19:30,69.8,77,1003.6
2025-09-10 20:00,71.06,74,1003.4
2025-09-10 20:30,70.52,75,1003.2
2025-09-10 21:00,69.98,76,1003.1
2025-09-10 21:30,69.62,76,1003
2025-09-10 22:00,69.44,76,1002.9
2025-09-10 22:30,69.8,75,1002.8
2025-09-10 23:00,69.26,76,1002.6
2025-09-10 23:30,68.18,79,1002.5
2025-09-11 00:00,66.56,84,1002.8
2025-09-11 00:30,65.66,85,1002.9
2025-09-11 01:30,65.12,87,1002.9
2025-09-11 02:00,64.4,88,1002.8
2025-09-11 02:30,62.78,90,1002.8
2025-09-11 03:00,62.6,91,1002.8
2025-09-11 03:30,62.96,90,1002.8
2025-09-11 04:00,62.42,91,1002.9
2025-09-11 04:30,62.06,92,1002.9
2025-09-11 05:00,62.78,90,1003
2025-09-11 05:30,62.42,91,1002.9
2025-09-11 06:00,62.42,91,1002.9
2025-09-11 06:30,62.24,91,1002.5
2025-09-11 07:30,62.06,91,1002.3
2025-09-11 08:00,61.7,92,1002.4
2025-09-11 08:30,61.52,92,1002.4
2025-09-11 09:00,61.88,92,1002.5
2025-09-11 09:30,61.88,92,1002.5
2025-09-11 10:00,61.7,92,1002.6
2025-09-11 10:30,61.34,92,1002.8
2025-09-11 11:00,60.8,93,1002.9
2025-09-11 11:30,60.98,93,1003.2
2025-09-11 12:00,62.6,92,1003.5
2025-09-11 12:30,65.48,85,1003.7
2025-09-11 13:30,69.44,73,1003.9
2025-09-11 14:00,70.88,69,1004.2
2025-09-11 14:30,71.24,68,1004.3
2025-09-11 15:00,72.14,65,1004.4
2025-09-11 15:30,72.68,63,1004.2
2025-09-11 16:00,73.58,62,1004.2
2025-09-11 16:30,74.48,60,1003.8
2025-09-11 17:00,77.72,57,1003.5
2025-09-11 17:30,77.36,58,1003.2
2025-09-11 18:00,80.96,55,1003
2025-09-11 18:30,80.06,53,1002.9
2025-09-11 19:30,80.06,53,1002.5
2025-09-11 20:00,81.14,52,1002.3
2025-09-11 20:30,78.44,53,1002.2
2025-09-11 21:00,79.34,52,1002.1
2025-09-11 21:30,79.52,52,1002.1
2025-09-11 22:00,79.52,54,1002.1
2025-09-11 22:30,77.72,55,1002.3
2025-09-11 23:00,70.34,69,1002.5
2025-09-11 23:30,66.02,76,1002.6
2025-09-12 00:00,63.14,81,1003
2025-09-12 00:30,60.26,83,1003.3
2025-09-12 01:30,57.74,86,1003.4
2025-09-12 02:00,56.66,88,1003.5
2025-09-12 02:30,56.84,87,1003.6
2025-09-12 03:00,55.76,89,1003.7
2025-09-12 03:30,55.58,89,1003.7
2025-09-12 04:00,55.04,90,1003.7
2025-09-12 04:30,54.32,91,1003.8
2025-09-12 05:00,53.42,92,1003.9
2025-09-12 05:30,52.88,92,1003.9
2025-09-12 06:00,52.7,92,1004
2025-09-12 06:30,52.16,93,1004.1
2025-09-12 07:30,51.8,93,1004.1
2025-09-12 08:00,51.62,93,1004.1
2025-09-12 08:30,51.26,93,1004.2
2025-09-12 09:00,51.26,93,1004.3
2025-09-12 09:30,51.26,94,1004.7
2025-09-12 10:00,51.08,94,1004.9
2025-09-12 10:30,51.08,94,1005.1
2025-09-12 11:00,51.08,94,1005.4
2025-09-12 11:30,52.34,94,1005.7
2025-09-12 12:00,56.48,88,1005.9
2025-09-12 12:30,64.22,80,1006
2025-09-12 13:30,67.46,74,1006.2
2025-09-12 14:00,68.9,72,1006.3
2025-09-12 14:30,70.88,70,1006.4
2025-09-12 15:00,73.22,67,1006.2
2025-09-12 15:30,74.48,66,1006.1
2025-09-12 16:00,74.84,64,1005.9
2025-09-12 16:30,76.64,62,1005.7
2025-09-12 17:00,76.64,61,1005.5
2025-09-12 17:30,78.08,61,1005.1
2025-09-12 18:00,78.44,56,1004.9
2025-09-12 18:30,78.8,58,1004.8
2025-09-12 19:30,77.72,60,1004.5
2025-09-12 20:00,78.62,59,1004.2
2025-09-12 20:30,77.18,61,1004.2
2025-09-12 21:00,76.82,64,1004.1
2025-09-12 21:30,78.26,60,1004
2025-09-12 22:00,77.9,63,1004.1
2025-09-12 22:30,74.48,69,1004.1
2025-09-12 23:00,70.52,76,1004.1
2025-09-12 23:30,67.1,81,1004.1
2025-09-13 00:00,65.12,83,1004.4
2025-09-13 00:30,62.96,85,1004.6
2025-09-13 01:30,62.42,85,1004.6
2025-09-13 02:00,61.16,87,1004.6
2025-09-13 02:30,64.4,81,1004.6
2025-09-13 03:00,66.38,77,1004.4
2025-09-13 03:30,66.2,79,1004.3
2025-09-13 04:00,65.84,80,1004.3
2025-09-13 04:30,65.48,82,1004.3
2025-09-13 05:00,66.02,84,1004.4
2025-09-13 05:30,64.58,85,1004.5
2025-09-13 06:00,63.86,87,1004.5
2025-09-13 06:30,62.24,90,1004.5
2025-09-13 07:30,60.62,92,1004.3
2025-09-13 08:00,60.08,92,1004.4
2025-09-13 08:30,59.36,93,1004.2
2025-09-13 09:00,58.82,93,1004.1
2025-09-13 09:30,58.28,93,1004.1
2025-09-13 10:00,57.2,93,1004.2
2025-09-13 10:30,56.66,93,1004.4
2025-09-13 11:00,56.48,93,1004.5
2025-09-13 11:30,57.92,94,1004.5
2025-09-13 12:00,59.54,94,1004.5
2025-09-13 12:30,61.34,93,1004.3
2025-09-13 13:30,68.54,82,1004
2025-09-13 14:00,70.34,80,1004
2025-09-13 14:30,74.84,70,1003.7
2025-09-13 15:00,76.64,66,1003.5
2025-09-13 15:30,76.46,66,1003.3
2025-09-13 16:30,79.88,61,1002.8
2025-09-13 17:00,80.6,60,1002.5
2025-09-13 17:30,81.68,58,1002
2025-09-13 18:00,82.22,58,1001.7
2025-09-13 18:30,83.48,57,1001.2
2025-09-13 19:00,83.48,56,1000.9
2025-09-13 19:30,81.68,58,1000.6
2025-09-13 20:00,84.02,56,1000.4
2025-09-13 20:30,85.46,55,1000.1
2025-09-13 21:00,85.28,56,999.9
2025-09-13 21:30,84.2,56,999.7
2025-09-13 22:30,79.16,66,999.7
2025-09-13 23:00,72.86,74,999.5
2025-09-13 23:30,69.8,77,999.5
2025-09-14 00:00,66.92,81,999.6
2025-09-14 00:30,68.72,77,1000
2025-09-14 01:00,72.68,72,1000.1
2025-09-14 01:30,72.5,72,1000.1
2025-09-14 02:00,71.06,74,1000.4
2025-09-14 02:30,67.82,80,1000.4
2025-09-14 03:00,66.92,81,1000.5
2025-09-14 03:30,66.02,82,1000.8
2025-09-14 04:30,63.68,86,998
2025-09-14 05:00,62.6,88,998
2025-09-14 05:30,62.06,89,997.8
2025-09-14 06:00,61.34,90,997.7
2025-09-14 06:30,61.16,90,997.4
2025-09-14 07:00,60.8,91,997.2
2025-09-14 07:30,59.72,92,996.9
2025-09-14 08:00,59.18,92,996.9
2025-09-14 08:30,58.46,93,996.7
2025-09-14 09:00,58.1,93,996.6
2025-09-14 09:30,57.56,93,996.8
2025-09-14 10:30,56.48,93,997.1
2025-09-14 11:00,56.3,94,997.3
2025-09-14 11:30,57.2,94,997.6
2025-09-14 12:00,61.88,87,997.5
2025-09-14 12:30,66.38,83,997.6
2025-09-14 13:00,70.34,79,997.7
2025-09-14 13:30,73.4,74,997.7
2025-09-14 14:00,72.68,71,998
2025-09-14 14:30,74.48,69,998.2
2025-09-14 15:00,75.2,66,998.1
2025-09-14 15:30,76.46,63,998.2
2025-09-14 16:30,78.08,63,997.9
2025-09-14 17:00,79.52,61,997.9
2025-09-14 17:30,82.4,59,997.5
2025-09-14 18:00,80.24,60,997.3
2025-09-14 18:30,80.78,58,997.2
2025-09-14 19:00,81.68,59,996.8
2025-09-14 19:30,81.14,58,996.8
2025-09-14 20:00,81.86,59,996.9
2025-09-14 20:30,82.04,59,996.7
2025-09-14 21:00,82.22,59,996.8
2025-09-14 21:30,81.86,60,997.1
2025-09-14 22:30,77.72,69,997.6
2025-09-14 23:00,75.02,75,997.9
2025-09-17 18:30,82.76,58,992.8
2025-09-17 19:00,81.68,60,992.7
2025-09-17 19:30,80.78,61,992.4
2025-09-17 20:00,83.84,58,992.4
2025-09-17 20:30,82.4,61,992.5
2025-09-17 21:00,83.84,58,992.4
2025-09-17 21:30,86.54,58,992.5
2025-09-17 22:00,86.9,56,992.5
2025-09-17 22:30,83.48,60,992.5
2025-09-17 23:00,81.5,61,992.5
2025-09-17 23:30,78.44,68,992.6
2025-09-18 00:00,74.48,72,992.7
2025-09-18 00:30,72.5,79,993.1
2025-09-18 01:00,71.24,79,993.5
2025-09-18 04:30,67.46,85,994.4
2025-09-18 05:00,67.82,85,994.5
2025-09-18 05:30,68.36,83,994.5
2025-09-18 06:00,67.82,84,994.4
2025-09-18 06:30,67.28,85,994.3
2025-09-18 07:00,66.92,86,993.9
2025-09-18 07:30,66.56,87,994.2
2025-09-18 08:00,66.38,86,994.4
2025-09-18 08:30,65.48,89,994.4
2025-09-18 09:00,65.12,89,994.8
2025-09-18 09:30,65.3,89,995.1
2025-09-18 10:00,65.12,89,995.4
2025-09-18 10:30,65.12,89,995.5
2025-09-18 11:00,64.4,90,995.8
2025-09-18 11:30,64.58,90,996
2025-09-18 12:00,64.58,90,996.2
2025-09-18 12:30,66.02,88,996.3
2025-09-18 13:00,66.92,87,996.5
2025-09-18 13:30,68,85,996.4
2025-09-18 14:00,69.98,82,996.6
2025-09-18 14:30,71.96,79,996.5
2025-09-18 15:00,74.84,74,996.3
2025-09-18 15:30,78.44,72,996.3
2025-09-18 16:00,76.46,73,996.1
2025-09-18 16:30,81.68,66,995.9
2025-09-18 17:00,84.2,65,995.6
2025-09-18 17:30,83.48,64,995.2
2025-09-18 18:00,85.1,61,994.8
2025-09-18 18:30,84.92,62,994.4
2025-09-18 19:00,89.78,56,994
2025-09-18 19:30,85.28,57,993.5
2025-09-18 20:00,87.26,56,993.3
2025-09-18 20:30,85.64,59,993.1
2025-09-18 21:00,89.6,56,993
2025-09-18 21:30,86.72,58,993
2025-09-18 22:00,85.28,59,993.1
2025-09-18 22:30,84.74,59,993.1
2025-09-18 23:00,83.48,61,993.2
2025-09-18 23:30,79.7,69,993.4
2025-09-19 00:00,75.92,77,993.5
2025-09-19 00:30,73.94,77,993.8
2025-09-19 01:00,72.32,82,994.1
2025-09-19 01:30,70.88,82,994.4
2025-09-19 02:00,69.98,85,994.5
2025-09-19 02:30,69.26,86,994.6
2025-09-19 03:00,68.54,86,994.8
2025-09-19 03:30,67.64,88,994.8
2025-09-19 04:00,66.92,89,995
2025-09-19 04:30,66.56,90,994.9
2025-09-19 05:00,65.66,90,994.8
2025-09-19 05:30,65.3,90,994.7
2025-09-19 06:00,65.12,91,994.8
2025-09-19 06:30,64.76,92,994.7
2025-09-19 07:00,64.22,92,994.5
2025-09-19 07:30,64.22,92,994.3
2025-09-19 08:00,63.86,92,994
2025-09-19 08:30,63.5,93,994.1
2025-09-19 09:00,62.96,93,994.2
2025-09-19 09:30,63.32,93,994.4
2025-09-19 10:00,62.78,93,994.6
2025-09-19 10:30,62.42,93,994.9
2025-09-19 11:00,62.24,93,995.1
2025-09-19 11:30,62.42,93,995.3
2025-09-19 12:00,63.32,92,995.5
2025-09-19 12:30,67.82,86,995.4
2025-09-19 13:00,70.88,83,995.5
2025-09-19 13:30,75.74,78,995.6
2025-09-19 14:00,79.88,72,995.7
2025-09-19 14:30,82.76,68,995.8
2025-09-19 15:00,86.36,63,995.6
2025-09-19 15:30,86.9,62,995.4
2025-09-19 16:30,86.36,61,995
2025-09-19 17:00,87.26,58,994.7
2025-09-19 17:30,87.26,59,994.4
2025-09-19 18:00,89.78,56,994
2025-09-19 18:30,88.52,57,993.7
2025-09-19 19:00,87.44,58,993.5
2025-09-19 19:30,87.08,59,993.3
2025-09-19 20:00,84.92,62,993
2025-09-19 20:30,87.26,58,992.8
2025-09-19 21:00,88.52,57,992.7
2025-09-19 21:30,89.96,55,992.8
2025-09-19 22:30,88.88,56,993
2025-09-19 23:00,85.64,59,993.2
2025-09-19 23:30,81.68,67,993.2
2025-09-20 00:00,77.9,72,993.5
2025-09-20 00:30,74.84,78,993.9
2025-09-20 01:00,73.22,79,994.2
2025-09-20 01:30,72.5,80,994.3
2025-09-20 04:30,67.1,87,995.1
2025-09-20 05:00,66.74,89,995.3
2025-09-20 05:30,66.02,90,995.2
2025-09-20 06:00,65.84,90,995.2
2025-09-20 06:30,65.48,90,995
2025-09-20 07:00,64.94,90,995
2025-09-20 07:30,64.22,91,994.8
2025-09-20 08:00,64.22,91,994.9
2025-09-20 08:30,63.5,93,995
2025-09-20 09:00,63.68,92,995
2025-09-20 09:30,62.78,93,995.1
2025-09-20 10:00,62.6,93,995.3
2025-09-20 10:30,62.06,93,995.5
2025-09-20 11:00,61.7,93,995.8
2025-09-20 11:30,61.52,93,996.1
2025-09-20 12:00,62.78,93,996.5
2025-09-20 12:30,65.84,88,996.7
2025-09-20 13:00,69.98,82,996.8
2025-09-20 13:30,71.96,79,997
2025-09-20 14:00,75.38,75,997.1
2025-09-20 14:30,77.18,72,997.1
2025-09-20 15:00,80.24,67,997
2025-09-20 15:30,82.58,64,996.9
2025-09-20 16:00,84.74,62,996.8
2025-09-20 16:30,85.28,61,996.7
2025-09-20 17:00,88.16,58,996.5
2025-09-20 17:30,87.26,57,996.3
2025-09-20 18:00,88.7,56,996
2025-09-20 18:30,86.9,58,995.7
2025-09-20 19:00,87.44,56,995.5
2025-09-20 19:30,86.9,57,995.2
2025-09-20 20:00,87.44,55,995.3
2025-09-20 20:30,87.08,56,995.3
2025-09-20 21:00,86.9,57,995.2
2025-09-20 21:30,84.92,59,995.1
2025-09-20 22:00,84.2,60,995
2025-09-20 22:30,83.12,62,995.3
2025-09-20 23:00,82.58,62,995.5
2025-09-20 23:30,80.96,63,995.5
2025-09-21 00:00,77.9,71,995.8
2025-09-21 00:30,75.56,73,996.2
2025-09-21 01:00,75.74,69,996.5
2025-09-21 01:30,74.48,73,996.9
2025-09-21 02:00,75.38,72,997
2025-09-21 02:30,72.68,78,997.3
2025-09-21 03:00,71.24,80,997.5
2025-09-21 03:30,70.34,82,997.5
2025-09-21 04:00,69.26,84,997.7
2025-09-21 04:30,69.26,83,997.7
2025-09-21 05:00,68.54,84,997.9
2025-09-21 05:30,67.46,86,997.9
2025-09-21 06:00,66.92,86,998
2025-09-21 06:30,67.46,86,998
2025-09-21 07:00,67.1,86,997.9
2025-09-21 07:30,66.02,88,997.9
2025-09-21 08:00,66.38,88,997.9
2025-09-21 08:30,66.38,86,998
2025-09-21 09:00,64.94,90,998
2025-09-21 09:30,64.04,91,998.3
2025-09-21 10:00,63.68,91,998.6
2025-09-21 10:30,64.04,91,998.9
2025-09-21 11:00,63.14,92,999.1
2025-09-21 11:30,63.86,91,999.3
2025-09-21 12:00,64.76,89,999.6
2025-09-21 12:30,69.8,83,999.7
2025-09-21 13:00,70.7,82,1000.1
2025-09-21 13:30,71.96,80,1000.1
2025-09-21 14:00,73.04,79,1000.1
2025-09-21 14:30,73.76,77,999.9
2025-09-21 15:00,75.56,73,999.9
2025-09-21 15:30,77.54,70,999.8
2025-09-21 16:30,79.52,67,999.5
2025-09-21 17:00,80.42,64,999.3
2025-09-21 17:30,82.58,63,998.9
2025-09-21 18:00,81.5,62,998.3
2025-09-21 18:30,83.66,61,998
2025-09-21 19:00,82.58,60,997.6
2025-09-21 19:30,82.58,60,997.1
2025-09-21 20:00,83.3,60,996.6
2025-09-21 20:30,83.3,59,996.7
2025-09-21 21:00,83.66,59,996.4
2025-09-25 17:30,70.52,71,1000.2
2025-09-28 14:30,69.62,79,0
2025-09-28 15:00,72.5,75,0
2025-09-28 15:30,78.26,69,1005.4
2025-09-28 16:00,79.34,66,1005.4
2025-09-28 16:30,83.12,56,1005.2
2025-09-28 17:30,84.38,57,1004.9
2025-09-28 18:00,87.26,55,1004.6
2025-09-28 18:30,87.44,54,1004.4
2025-09-28 19:00,87.8,54,1004
2025-09-28 19:30,90.14,53,1003.7
2025-09-28 20:00,89.6,51,1003.5
2025-09-28 20:30,92.12,50,1003.4
2025-09-28 21:00,90.86,50,1003.3
2025-09-28 21:30,90.5,50,1003.1
2025-09-28 22:00,92.66,49,1003.1
2025-09-28 22:30,90.86,50,1003.5
2025-10-11 16:00,79.34,59,998.8
2025-10-11 16:30,82.22,58,998.5
2025-10-11 17:30,87.08,56,997.7
2025-10-11 18:00,86,57,997.2
2025-10-11 18:30,87.26,56,996.6
2025-10-11 19:00,88.88,55,995.9
2025-10-11 19:30,89.6,53,995.3
2025-10-11 20:00,90.14,53,994.8
2025-10-11 20:30,92.3,51,994.3
2025-10-11 21:00,92.48,51,994.1
2025-10-11 21:30,93.2,50,993.8
2025-10-11 22:00,93.38,50,993.7
2025-10-11 22:30,93.2,50,993.6
2025-10-11 23:30,89.24,54,993.5
2025-10-12 00:00,85.1,59,993.4
2025-10-12 00:30,85.64,59,993.5
2025-10-12 01:00,80.42,66,993.5
2025-10-12 01:30,78.98,65,993.4
2025-10-12 02:00,77.72,67,993.5
2025-10-12 05:30,72.86,70,993.1
2025-10-12 06:00,70.88,72,992.8
2025-10-12 06:30,69.08,75,992.5
2025-10-12 07:00,70.88,73,992.4
2025-10-12 07:30,69.26,75,992.4
2025-10-12 08:00,68.72,76,992.2
2025-10-12 08:30,68,76,992.2
2025-10-12 09:00,66.92,76,992.1
2025-10-12 09:30,67.46,75,992
2025-10-12 10:00,67.28,76,992
2025-10-12 10:30,66.56,76,992
2025-10-12 11:00,66.02,77,992.1
2025-10-12 11:30,65.12,79,992.2
2025-10-12 12:00,65.48,79,992.4
2025-10-12 12:30,67.1,77,992.6
2025-10-12 13:00,68,76,992.7
2025-10-12 13:30,69.8,73,993
2025-10-12 14:00,70.34,74,993.2
2025-10-12 14:30,73.22,71,993.2
2025-10-12 15:00,76.28,66,993
2025-10-12 15:30,80.24,63,993.2
2025-10-12 16:00,81.86,61,993
2025-10-12 16:30,83.84,59,992.8
2025-10-12 17:30,86.36,57,992.1
2025-10-12 18:00,87.8,55,991.7
2025-10-12 18:30,91.4,53,991.3
2025-10-12 19:00,91.58,53,990.8
2025-10-12 19:30,91.22,53,990.5
2025-10-12 20:00,92.48,53,990.2
2025-10-12 20:30,92.12,52,990
2025-10-12 21:00,92.48,52,989.9
2025-10-12 21:30,92.48,52,990
2025-10-29 18:00,74.3,41,952.2
2025-10-29 18:30,72.68,42,953.4
2025-10-29 19:00,73.94,41,952.8
2025-10-29 19:30,75.02,40,952
2025-10-29 20:00,75.56,40,951.5
2025-10-29 20:30,76.46,40,950.9
2025-10-29 21:00,78.08,40,950.3
2025-10-29 21:30,78.62,39,949.9
2025-10-29 22:00,79.34,39,949.5
2025-10-29 22:30,80.24,39,949.2
2025-10-29 23:30,80.78,38,949.1
2025-10-30 00:00,80.6,38,948.9
2025-10-30 00:30,80.6,38,948.9
2025-10-30 05:30,64.76,42,949.3
2025-10-30 06:00,64.22,42,949.1
2025-10-30 06:30,62.96,43,948.8
2025-10-30 07:00,63.32,43,948.6
2025-10-30 07:30,62.24,44,948.5
2025-10-30 08:00,62.42,45,948.4
2025-10-30 08:30,60.8,45,948.4
2025-10-30 09:00,61.7,45,948.4
2025-10-30 09:30,62.6,44,948.4
2025-10-30 10:00,60.08,45,948.4
2025-10-30 10:30,59.18,45,948.3
2025-10-30 11:00,59.36,46,948.3
2025-10-30 11:30,58.64,45,948.3
2025-10-30 12:00,59.9,45,948.2
2025-10-30 12:30,58.82,45,948.5
2025-10-30 13:00,57.92,46,948.6
2025-10-30 13:30,57.56,46,948.8
2025-10-30 14:00,57.56,46,948.8
2025-10-30 14:30,57.74,46,949.1
2025-10-30 15:00,62.42,45,949.4
2025-10-30 15:30,63.32,44,949.5
2025-10-30 16:00,63.14,45,949.6
2025-10-30 16:30,64.76,45,949.6
2025-10-30 17:30,69.26,44,949.3
2025-10-30 18:00,75.38,42,949.1
2025-10-30 18:30,75.56,42,948.8
2025-10-30 19:00,75.92,43,948.4
2025-10-30 19:30,77.36,42,947.8
2025-10-30 20:00,77.54,41,947.4
2025-10-30 20:30,78.62,41,946.7
2025-10-30 21:00,79.34,41,946.4
2025-10-30 21:30,80.24,41,946.1
2025-10-30 22:00,82.76,40,945.9
2025-10-30 22:30,84.92,40,945.6
2025-10-30 23:30,83.12,39,945.3
2025-10-31 00:00,83.3,39,945.1
2025-10-31 00:30,82.04,39,944.9
2025-10-31 01:00,80.06,39,944.8
2025-10-31 05:30,66.02,44,945.5
2025-10-31 06:00,64.58,44,945.4
2025-10-31 06:30,63.32,45,945.4
2025-10-31 07:00,63.32,45,945.4
2025-10-31 07:30,62.96,45,945.4
2025-10-31 08:00,61.34,46,945.3
2025-10-31 08:30,60.8,46,945.4
2025-10-31 09:00,59.36,47,945.5
2025-10-31 09:30,59,47,945.5
2025-10-31 10:00,59.72,47,945.3
2025-10-31 10:30,59.9,46,945.4
2025-10-31 11:00,58.82,47,945.6
2025-10-31 11:30,58.82,47,945.8
2025-10-31 12:00,59.18,47,946.1
2025-10-31 12:30,59.18,47,946.4
2025-10-31 13:00,58.1,48,946.5
2025-10-31 13:30,57.74,48,946.7
2025-10-31 14:00,57.38,48,947
2025-10-31 14:30,58.82,47,947.3
2025-10-31 15:00,57.74,48,947.4
2025-10-31 15:30,60.62,47,947.4
2025-10-31 16:00,66.74,44,947.8
2025-10-31 16:30,71.24,43,947.8
2025-10-31 17:00,73.22,43,948
2025-10-31 17:30,76.46,42,948.1
2025-10-31 18:00,74.84,43,948
2025-10-31 18:30,74.84,43,947.9
2025-10-31 19:00,76.1,42,947.7
2025-10-31 19:30,77,42,947.5
2025-10-31 20:00,78.98,42,947
2025-10-31 20:30,79.52,42,946.6
2025-10-31 21:00,80.96,41,946.2
2025-10-31 21:30,81.32,41,945.9
2025-10-31 22:00,82.22,41,945.8
2025-10-31 22:30,82.76,40,945.6
2025-10-31 23:30,84.92,40,945.7
2025-11-01 00:00,85.1,39,945.6
2025-11-01 00:30,82.04,40,945.6
2025-11-01 01:00,78.98,41,945.6
2025-11-01 01:30,76.28,42,945.8
2025-11-01 02:00,74.12,42,946
2025-11-01 02:30,71.6,42,946.1
2025-11-01 03:00,70.88,43,946.2
2025-11-01 05:30,64.94,45,947.5
2025-11-01 06:00,65.48,44,947.7
2025-11-01 06:30,64.22,45,947.9
2025-11-01 07:00,70.16,42,948
2025-11-01 07:30,70.52,43,948
2025-11-01 08:00,63.68,46,948.1
2025-11-01 08:30,62.6,46,948.1
2025-11-01 09:00,61.52,46,948
2025-11-01 09:30,60.26,47,948.1
2025-11-01 10:00,60.8,47,948.1
2025-11-01 10:30,59,48,948.3
2025-11-01 11:00,59.54,47,948.4
2025-11-01 11:30,59.54,47,948.6
2025-11-01 12:00,62.24,46,948.8
2025-11-01 12:30,60.62,47,949.1
2025-11-01 13:00,58.64,49,949.4
2025-11-01 13:30,57.02,49,949.7
2025-11-01 14:00,57.56,49,950
2025-11-01 14:30,57.74,48,950.2
2025-11-01 15:00,58.82,48,950.7
2025-11-01 15:30,62.78,46,951
2025-11-01 16:00,64.94,46,951.2
2025-11-01 16:30,64.94,46,951.4
2025-11-01 17:30,70.16,45,951.4
2025-11-01 18:00,71.96,44,951.4
2025-11-01 18:30,75.56,44,951.2
2025-11-01 19:00,76.82,43,950.8
2025-11-01 19:30,79.52,42,950.3
2025-11-01 20:00,78.26,43,949.8
2025-11-01 20:30,79.16,42,949.4
2025-11-01 21:00,80.06,42,949
2025-11-01 21:30,81.5,42,948.7
2025-11-01 22:00,82.4,41,948.6
2025-11-01 22:30,84.02,41,948.5
2025-11-01 23:30,84.74,40,948.3
2025-11-02 00:00,83.66,40,948.1
2025-11-02 00:30,81.86,40,948.1
2025-11-02 01:00,79.88,41,948.1
2025-11-02 01:30,77,42,948.3
2025-11-02 02:00,73.22,43,948.5
2025-11-02 02:30,70.88,43,948.7
2025-11-02 03:00,70.88,43,948.7
2025-11-02 05:30,65.48,45,949.3
2025-11-02 06:00,64.94,46,949.3
2025-11-02 06:30,65.48,45,949.4
2025-11-02 07:00,63.86,46,949.4
2025-11-02 07:30,62.24,47,949.5
2025-11-02 08:00,63.32,46,949.5
2025-11-02 08:30,64.04,46,949.6
2025-11-02 09:00,62.42,47,949.6
2025-11-02 09:30,62.06,47,949.7
2025-11-02 10:00,61.34,47,949.6
2025-11-02 10:30,60.26,47,949.6
2025-11-02 11:00,59.72,48,949.5
2025-11-02 11:30,58.28,49,949.7
2025-11-02 12:00,57.92,49,949.9
2025-11-02 12:30,57.56,49,950.1
2025-11-02 13:00,57.56,49,950.3
2025-11-02 13:30,55.76,50,950.4
2025-11-02 14:00,56.48,50,950.6
2025-11-02 14:30,56.84,49,950.8
2025-11-02 15:00,59.9,48,951.1
2025-11-02 15:30,64.04,46,951.5
2025-11-02 16:00,63.32,48,951.8
2025-11-02 16:30,66.74,46,951.9
2025-11-02 17:30,69.8,45,952
2025-11-02 18:00,70.88,45,951.8
2025-11-02 18:30,76.28,43,951.5
2025-11-02 19:00,77,43,951.2
2025-11-02 19:30,77.9,43,950.6
2025-11-02 20:00,78.62,43,949.9
2025-11-02 20:30,78.98,43,949.3
2025-11-02 21:00,83.48,42,948.9
2025-11-02 21:30,82.4,42,948.5
2025-11-02 22:00,83.66,41,948
2025-11-02 22:30,83.3,41,947.6
2025-11-02 23:00,83.66,40,947.5
2025-11-02 23:30,83.48,40,947.4
2025-11-03 00:00,82.4,40,947.2
2025-11-03 00:30,80.42,41,947
2025-11-03 01:00,79.34,41,947
2025-11-13 15:00,63.5,69,986.2
2025-11-13 15:30,61.88,71,986.1
2025-11-13 16:00,64.22,66,986.2
2025-11-13 16:30,64.94,67,986.4
2025-11-13 17:00,68.36,62,986.5
2025-11-13 17:30,68.9,62,986.5
2025-11-13 18:30,71.24,61,986.2
2025-11-13 19:00,72.86,60,985.7
2025-11-13 19:30,75.56,53,985.2
2025-11-13 20:00,75.38,54,984.7
2025-11-13 20:30,77.72,50,984.5
2025-11-13 21:00,77,52,984.2
2025-11-13 21:30,76.82,50,983.9
2025-11-13 22:00,76.1,52,983.8
2025-11-13 22:30,75.38,55,983.9
2025-11-13 23:00,74.12,60,984
2025-11-13 23:30,73.04,60,983.8
2025-11-14 00:30,72.32,59,983.2
2025-11-14 01:00,71.6,60,983.3
2025-11-14 01:30,70.88,62,983.7
2025-11-14 02:00,69.8,64,983.9
2025-11-14 02:30,69.08,65,984.3
2025-11-14 03:00,68.72,64,985
2025-11-14 03:30,67.82,65,985.4
2025-11-14 04:00,67.82,64,985.6
2025-11-14 06:30,65.48,70,985.6
2025-11-14 07:00,65.48,70,985.6
2025-11-14 07:30,65.84,64,985.3
2025-11-14 08:00,64.76,72,985.1
2025-11-14 08:30,64.22,71,984.3
2025-11-14 09:00,63.5,73,984.1
2025-11-14 09:30,63.14,71,983.8
2025-11-14 10:00,62.96,71,983
2025-11-14 10:30,62.6,72,982.9
2025-11-14 11:00,62.06,74,982.7
2025-11-14 11:30,61.52,75,983.5
2025-11-14 12:00,61.52,75,983.5
2025-11-14 12:30,61.7,74,983.1
2025-11-14 13:00,61.52,75,983.5
2025-11-14 13:30,61.34,76,983.3
2025-11-14 14:00,61.7,76,983.3
2025-11-14 14:30,61.16,77,983.4
2025-11-14 15:00,60.8,80,983.6
2025-11-14 15:30,60.8,79,984
2025-11-14 16:00,61.34,77,984.1
2025-11-14 16:30,61.52,78,984.6
2025-11-14 17:00,63.14,79,984.5
2025-11-14 17:30,63.14,79,984.6
2025-11-14 18:30,60.44,87,984.9
2025-11-14 19:00,60.08,89,984.8
2025-11-14 19:30,59.72,90,984.6
2025-11-14 20:00,59.9,92,984.5
2025-11-14 20:30,60.08,92,984.1
2025-11-14 21:00,62.78,88,983.4
2025-11-14 21:30,63.68,88,982.8
2025-11-14 22:00,62.78,89,982.5
2025-11-14 22:30,62.6,89,982.3
2025-11-14 23:00,62.96,89,982.1
2025-11-14 23:30,62.42,87,982.2
2025-11-15 00:00,63.68,85,982.2
2025-11-15 00:30,62.6,86,982.2
2025-11-15 06:30,61.34,91,982.7
2025-11-15 07:00,61.16,92,982.5
2025-11-15 07:30,61.16,92,982.3
2025-11-15 08:00,61.16,93,981.8
2025-11-15 08:30,61.16,93,981.6
2025-11-15 09:00,61.34,93,981.3
2025-11-15 09:30,61.52,93,980.9
2025-11-15 10:00,61.88,92,979.9
2025-11-15 10:30,62.24,90,979.4
2025-11-15 11:00,62.42,89,979.1
2025-11-15 11:30,62.24,90,978.8
2025-11-15 12:00,61.52,92,978.5
2025-11-15 12:30,61.16,92,978
2025-11-15 13:00,60.8,93,977.4
2025-11-15 13:30,60.62,94,977.6
2025-11-15 14:00,60.8,94,977.5
2025-11-15 14:30,61.7,90,977.3
2025-11-15 15:00,62.06,91,977.8
2025-11-15 15:30,61.88,89,979
2025-11-15 16:00,60.26,91,979.4
2025-11-15 16:30,59.9,91,979.5
2025-11-15 17:00,59.36,92,979.2
2025-11-15 17:30,59.36,93,979.8
2025-11-15 18:30,56.66,93,979.8
2025-11-15 19:00,57.92,92,979.6
2025-11-15 19:30,58.82,92,979.1
2025-11-15 20:00,59.9,92,978.4
2025-11-15 20:30,59.72,90,978
2025-11-15 21:00,58.28,92,977.5
2025-11-15 21:30,55.76,93,977.6
2025-11-15 22:00,55.94,93,977.5
2025-11-15 22:30,57.74,90,977.9
2025-11-15 23:00,58.46,86,977.7
2025-11-15 23:30,56.84,87,978.3
2025-11-16 06:30,55.76,91,980.8
2025-11-16 07:00,55.22,92,981
2025-11-16 07:30,54.68,91,981.2
2025-11-16 08:00,54.86,92,981.6
2025-11-16 08:30,54.68,92,981.6
2025-11-16 09:00,54.5,92,981.7
2025-11-16 09:30,54.32,92,982.1
2025-11-16 10:00,53.6,91,982.3
2025-11-16 10:30,53.6,92,982.4
2025-11-16 11:00,54.14,92,982.2
2025-11-16 11:30,54.14,93,982
2025-11-16 12:00,54.14,93,981.8
2025-11-16 12:30,53.78,93,982.2
2025-11-16 13:00,53.96,93,982.4
2025-11-16 13:30,53.6,94,982.7
2025-11-16 14:00,53.6,93,982.9
2025-11-16 14:30,53.42,93,983.2
2025-11-16 15:00,53.24,93,983.6
2025-11-16 15:30,52.88,93,983.9
2025-11-16 16:00,52.7,91,984
2025-11-16 16:30,53.06,91,984.2
2025-11-16 17:00,53.6,91,984.3
2025-11-16 17:30,55.76,89,984.4
2025-11-16 18:30,57.92,83,984.4
2025-11-16 19:00,56.84,84,984.2
2025-11-16 19:30,57.74,83,984
2025-11-16 20:00,57.38,88,983.8
2025-11-16 20:30,55.94,87,983
2025-11-16 21:00,59,85,982.8
2025-11-16 21:30,58.46,83,982.6
